user_id,rec
1,"[940947, 9297615, 1005186, 877391, 8293439]"
2,"[838136, 899624, 916122, 1111116, 1133018]"
3,"[1053690, 1029743, 1106523, 946839, 953476]"
6,"[1082185, 1098844, 1024306, 994928, 1015296]"
7,"[1082185, 909714, 1122358, 1126899, 840386]"
8,"[1082185, 1116578, 893501, 9396767, 884897]"
9,"[1029743, 1106523, 1135468, 9297474, 1131246]"
10,"[1029743, 1106523, 981760, 6534178, 1082185]"
13,"[5978656, 1082185, 950439, 6534178, 5978648]"
14,"[925205, 870249, 995242, 1025611, 13876901]"
15,"[1082185, 1098248, 1070820, 13073175, 995242]"
16,"[12263788, 6534178, 1029743, 1082185, 981760]"
18,"[1082185, 6533889, 6534178, 1128477, 938118]"
19,"[6533765, 1082185, 1029743, 6534178, 1033615]"
20,"[995628, 865330, 1126899, 1058997, 6534178]"
21,"[896369, 1106301, 1065593, 1080414, 1031864]"
22,"[1082185, 13115981, 1073775, 1104349, 1018339]"
23,"[1034176, 1075368, 1029743, 1078741, 831763]"
24,"[1082185, 1094308, 903230, 1106523, 15926638]"
25,"[1082185, 9487421, 9487423, 898510, 958023]"
26,"[895540, 857849, 1021133, 995242, 849843]"
27,"[6534178, 1102416, 1077409, 883186, 1058709]"
28,"[1005186, 903567, 6534881, 6534030, 6533911]"
29,"[1029743, 910473, 1106523, 981760, 6534178]"
30,"[1003600, 1029743, 1022254, 1106523, 854405]"
31,"[1082185, 6534178, 9526100, 1070820, 847982]"
32,"[1024319, 971295, 1137484, 862349, 12330794]"
33,"[1029743, 1106523, 5590613, 9831469, 853124]"
34,"[1044805, 1000753, 15716719, 1029743, 1106523]"
35,"[6534178, 1126899, 1029743, 1048462, 1106523]"
36,"[1082185, 995242, 5587133, 1029743, 962229]"
37,"[6534178, 1067695, 1097001, 862732, 1053690]"
39,"[880050, 923746, 1126899, 929668, 6602697]"
40,"[1082185, 6534178, 995785, 903325, 5978648]"
41,"[1082185, 6034857, 913210, 909714, 1126899]"
42,"[1082185, 923746, 1112766, 916122, 932462]"
43,"[1029743, 1106523, 1082185, 6534178, 981760]"
46,"[1082185, 1121360, 862335, 1029743, 882247]"
47,"[13115699, 869660, 9487825, 915041, 872137]"
49,"[1070820, 1101771, 935200, 5569471, 900770]"
50,"[1029743, 1106523, 1029688, 981760, 6534178]"
51,"[1070272, 883202, 1082185, 906883, 1028995]"
52,"[1082185, 840361, 962568, 1074754, 857503]"
53,"[1082185, 6034857, 976998, 906883, 908846]"
55,"[1082185, 844165, 9547020, 995242, 849843]"
56,"[1082185, 5569230, 940947, 1101010, 979707]"
57,"[9222020, 9420288, 931108, 12757506, 1082185]"
58,"[1070820, 1082185, 862349, 1016129, 995785]"
59,"[1056509, 6534178, 1053690, 847789, 912451]"
62,"[242044, 1082185, 12735570, 1029743, 1106523]"
63,"[5587039, 981760, 6534178, 1082185, 1029743]"
64,"[1013928, 894236, 862349, 949023, 976998]"
65,"[1070820, 997907, 986912, 1029743, 849843]"
67,"[5978656, 1082185, 951590, 5978648, 961554]"
68,"[1029743, 1068719, 883404, 1106523, 1085604]"
69,"[1005186, 923967, 1053763, 989075, 951526]"
70,"[894236, 1039156, 6534178, 981760, 1082185]"
71,"[1056509, 1082185, 10149656, 908531, 899624]"
72,"[1082185, 978906, 1070820, 5585510, 860776]"
75,"[801564, 721353, 6534178, 981760, 1082185]"
77,"[1082185, 873964, 1070820, 1070538, 861021]"
78,"[1082185, 6773232, 13115493, 9573206, 849843]"
79,"[6533889, 6534178, 1070820, 1106390, 1070015]"
80,"[1005186, 1082185, 937845, 1055504, 909894]"
81,"[1082185, 1029743, 1036699, 7410346, 1106523]"
82,"[849202, 880150, 6534178, 981760, 1082185]"
83,"[981760, 9420312, 1059902, 1081853, 879393]"
84,"[920025, 903529, 1082990, 984283, 1117067]"
85,"[1029743, 6534178, 995785, 1106523, 945086]"
86,"[1029743, 1106523, 1082185, 981760, 6534178]"
87,"[1079528, 6391089, 973657, 1030755, 913116]"
88,"[1082185, 6534178, 1075368, 8090521, 913270]"
90,"[1082185, 942299, 1070820, 981760, 1088775]"
91,"[989275, 6534178, 1088147, 1000148, 1056651]"
92,"[1082185, 834484, 860776, 845208, 962568]"
94,"[1082185, 979707, 981760, 1065979, 1029743]"
95,"[6534178, 995242, 922561, 834484, 876948]"
97,"[860776, 1075368, 1082185, 6534178, 962229]"
98,"[7167218, 1012913, 862349, 9333437, 7440663]"
99,"[1082185, 916993, 916487, 5590613, 991592]"
100,"[863762, 1053690, 903233, 12524067, 885290]"
101,"[6533765, 6534178, 866227, 1121360, 1070820]"
103,"[1029743, 1106523, 6534178, 981760, 1048200]"
104,"[1082185, 850841, 992986, 965766, 6534178]"
105,"[1004906, 1005186, 995242, 1135868, 1136257]"
106,"[6534178, 847270, 849843, 6034857, 1049253]"
107,"[1053690, 955043, 1120741, 882441, 873622]"
109,"[1082185, 921920, 1046756, 1058997, 1070803]"
110,"[922907, 1044078, 6534178, 1107289, 849843]"
111,"[981760, 1029743, 1106523, 6534178, 1082185]"
112,"[6534178, 1029743, 1011300, 1106523, 15926507]"
113,"[895070, 1031864, 880253, 1082185, 1070820]"
114,"[1074775, 827570, 1029743, 5568489, 1106523]"
115,"[1135768, 1055646, 1108894, 989275, 1077359]"
116,"[1013703, 923746, 981760, 872137, 1106523]"
117,"[1082185, 862349, 852235, 951590, 9571047]"
118,"[1082185, 1083043, 835864, 938849, 1031923]"
119,"[908531, 995242, 1077555, 940947, 986912]"
121,"[1029743, 840361, 1106523, 981760, 929726]"
122,"[940947, 1030362, 880310, 874972, 849100]"
123,"[1005186, 1056509, 849843, 890610, 896617]"
124,"[883404, 833025, 1037840, 1029743, 1106523]"
125,"[6534178, 868764, 834117, 844165, 1092026]"
126,"[6534178, 844165, 1132770, 868764, 884897]"
127,"[1082185, 6534178, 1075368, 854852, 883404]"
128,"[1082185, 1041259, 1037863, 1098248, 840361]"
131,"[1099802, 995242, 1085295, 1082185, 1137342]"
132,"[1082185, 854852, 822966, 1110572, 999134]"
133,"[1082185, 979707, 995242, 961554, 5568228]"
134,"[935570, 1038217, 981760, 5569230, 1037332]"
135,"[883202, 918150, 1063207, 926422, 13876341]"
136,"[1089766, 6534178, 985893, 1106523, 823758]"
138,"[995785, 1101706, 951590, 1012913, 931136]"
139,"[1082185, 1058997, 880253, 5978648, 909894]"
140,"[1037840, 879755, 1029743, 1065593, 1106523]"
141,"[1029743, 1106523, 6534178, 981760, 1082185]"
142,"[1082212, 1074524, 1013826, 997011, 5569327]"
143,"[1088191, 844165, 1029743, 1106523, 1085604]"
146,"[883404, 1029743, 1101175, 15926844, 1106523]"
151,"[849809, 821695, 948086, 995242, 959076]"
153,"[8011397, 5587837, 852035, 1034499, 7466806]"
156,"[964977, 920109, 6396566, 1060269, 1082185]"
157,"[1058997, 1131550, 919589, 953320, 1054539]"
158,"[1082185, 12731714, 1128240, 1025641, 1029743]"
159,"[1082185, 849843, 1004906, 865885, 6534178]"
160,"[1005186, 1082185, 951590, 1070820, 962568]"
161,"[935527, 1051323, 845208, 5568378, 849843]"
162,"[1055646, 1122358, 1070820, 989275, 1091449]"
164,"[1082185, 13115493, 970605, 849843, 927191]"
166,"[1075368, 880888, 1082185, 951590, 1029743]"
167,"[981760, 828987, 1029743, 1072693, 1106523]"
168,"[1082185, 1029743, 880427, 1106523, 883003]"
169,"[1099164, 6534178, 981760, 1051069, 1082185]"
171,"[5978656, 1029743, 899624, 1106523, 13115375]"
172,"[6533765, 891632, 994542, 6534178, 1118046]"
174,"[1029743, 1106523, 1082185, 981760, 6534178]"
178,"[949023, 1092026, 1056651, 1053690, 1048462]"
183,"[8090440, 6534178, 1111839, 1120741, 1029743]"
184,"[824005, 1082185, 1056746, 898063, 13945244]"
185,"[1082185, 981760, 1029743, 861701, 1106523]"
187,"[1123792, 1029743, 983584, 1106523, 833598]"
188,"[1111839, 1132770, 1029743, 1106523, 834833]"
190,"[1029743, 1037451, 1106523, 15925334, 921744]"
191,"[6534178, 13842088, 895097, 981760, 1082185]"
192,"[995242, 5569230, 1029743, 7025106, 1106523]"
193,"[1029743, 8090537, 1106523, 998270, 1082185]"
194,"[1082185, 1051468, 951412, 987838, 6391381]"
195,"[1082185, 1112824, 1029743, 961554, 1005573]"
196,"[1082185, 883404, 893018, 1101173, 926905]"
197,"[1126899, 963835, 838186, 15973164, 951590]"
198,"[1029743, 883404, 1133018, 899624, 835098]"
199,"[948420, 1135195, 879699, 863447, 1082212]"
200,"[883404, 1037894, 5568378, 10345155, 1102959]"
201,"[1066893, 1138292, 12427353, 1103476, 6034857]"
202,"[1092026, 1029743, 1106523, 1023226, 920109]"
203,"[1029743, 1106523, 981760, 6534178, 9526574]"
204,"[1053690, 872137, 916381, 1029743, 844179]"
205,"[1082185, 1028816, 9836140, 908846, 1026118]"
208,"[1055646, 12352293, 896292, 853221, 979707]"
209,"[6533765, 6534178, 898980, 849843, 1029743]"
210,"[1082185, 1051323, 1135868, 939578, 879755]"
211,"[962229, 862732, 998444, 832678, 9802981]"
212,"[1056509, 988835, 952972, 975957, 895540]"
213,"[1029743, 1106523, 1082185, 981760, 6534178]"
214,"[1082185, 6979526, 6602270, 830790, 1133101]"
215,"[1082185, 5587133, 895540, 5585735, 15777852]"
216,"[874832, 895540, 9420183, 984715, 1090676]"
217,"[1082185, 6534178, 981760, 844697, 7441668]"
218,"[13842088, 13842160, 6544236, 965772, 1097001]"
219,"[1055646, 1082185, 15972565, 1010578, 9653535]"
220,"[6534166, 951590, 839419, 6534178, 859075]"
221,"[1082185, 5978656, 6424464, 6424460, 999134]"
222,"[1082185, 1071759, 1061220, 866211, 1094308]"
224,"[998270, 991592, 1056267, 850925, 866227]"
225,"[7167218, 1029743, 9487603, 1106523, 1043663]"
226,"[6534178, 1029743, 1106523, 981760, 1082185]"
227,"[1116578, 975649, 908531, 919644, 996009]"
228,"[13987135, 13987006, 1126899, 13986405, 10284946]"
230,"[873964, 995242, 964520, 1044078, 1007512]"
232,"[923746, 1031864, 1049922, 987410, 6534178]"
233,"[1082185, 1029743, 1106523, 6534178, 1055283]"
235,"[1070820, 1082185, 5565202, 983584, 871337]"
236,"[6534178, 1029743, 1106523, 822677, 827999]"
239,"[1082185, 1081177, 857849, 1133018, 820165]"
240,"[1082185, 981760, 1029743, 1106523, 6534178]"
241,"[1082185, 860776, 12301109, 995785, 1033220]"
242,"[1082185, 883404, 1081177, 859075, 1029743]"
243,"[903325, 13842160, 1117514, 6534178, 1126899]"
244,"[1082185, 1133018, 909894, 831536, 12949855]"
245,"[6534178, 983584, 1092446, 1106523, 1029743]"
246,"[1029743, 1106523, 981760, 6534178, 1082185]"
247,"[1082185, 1133018, 1023958, 995785, 878445]"
248,"[1126899, 13672066, 1029743, 921836, 965766]"
249,"[1029743, 1053690, 961554, 5590613, 1120741]"
250,"[995242, 923169, 923967, 844165, 1029743]"
251,"[916122, 840361, 848029, 6534178, 1029743]"
252,"[981760, 6534178, 1082185, 1029743, 1106523]"
253,"[857849, 860776, 6534178, 969205, 12731544]"
254,"[1029743, 1106523, 862535, 16729415, 859237]"
256,"[862349, 934369, 15716298, 941671, 1098954]"
257,"[883404, 1070015, 1093413, 1051323, 6396492]"
258,"[906917, 1029743, 1106523, 1110572, 6919433]"
259,"[1082185, 1087605, 981760, 10285141, 881154]"
260,"[1082185, 981760, 1028816, 15926725, 1051305]"
262,"[1008814, 1040807, 1115711, 6534178, 1124971]"
263,"[6424471, 892008, 1005186, 940947, 1081177]"
264,"[15716403, 999391, 957232, 1029743, 1106523]"
265,"[1092026, 961554, 1136341, 878184, 953476]"
266,"[1082185, 1104349, 972191, 981760, 1126899]"
267,"[901976, 929373, 1062782, 1029743, 1106523]"
268,"[6534178, 1029743, 1106523, 981760, 1082185]"
269,"[1139782, 962229, 1069714, 830608, 1075337]"
270,"[1053690, 868075, 981760, 1103808, 927291]"
271,"[6534178, 981760, 1029743, 1106523, 1082185]"
273,"[1082185, 5569230, 856818, 883404, 1069538]"
274,"[898980, 12731544, 909349, 1070015, 946308]"
275,"[6533765, 1082185, 920962, 918638, 6534178]"
276,"[995242, 825317, 12810391, 944534, 857849]"
278,"[6534178, 15660214, 13007251, 1021416, 1029743]"
280,"[6534178, 12731544, 13002981, 978376, 1029743]"
281,"[1070820, 1082185, 854852, 999104, 1029743]"
282,"[6464074, 1013999, 967514, 1123022, 1098066]"
283,"[1082185, 1070820, 15715907, 1138443, 940947]"
284,"[1029743, 1106523, 981760, 6534178, 1082185]"
285,"[1082185, 995242, 6464147, 13213124, 1044078]"
286,"[1055646, 15452677, 15926886, 1081177, 857283]"
287,"[1082185, 1033615, 927191, 1029743, 985119]"
288,"[1082185, 6534178, 1055646, 1070820, 1054539]"
289,"[1081189, 1082185, 1042765, 864279, 1125497]"
290,"[873964, 995242, 1013928, 947798, 962229]"
291,"[1005186, 1113588, 1132770, 1088835, 1111839]"
292,"[10204543, 6534178, 999971, 1106523, 1029743]"
294,"[995785, 995242, 922307, 1029743, 860776]"
297,"[1044078, 1082185, 844165, 8090537, 908531]"
300,"[873861, 962229, 955043, 844165, 951590]"
301,"[1082185, 951590, 995242, 5587043, 5588238]"
302,"[1082185, 1087986, 10199033, 12577242, 951197]"
303,"[1082185, 951590, 1098248, 895930, 1101010]"
304,"[1029743, 1070015, 976998, 9527184, 822785]"
305,"[914190, 885290, 1005274, 1123792, 1000237]"
306,"[1055646, 1082185, 923746, 961554, 960791]"
307,"[1039156, 1019637, 869195, 1106348, 1082172]"
308,"[6904613, 883404, 5569230, 1110572, 821741]"
311,"[6534178, 1029743, 1106523, 14077631, 840890]"
312,"[1065593, 944486, 1076608, 1071939, 5567428]"
314,"[1082185, 979239, 1107089, 1124674, 820560]"
316,"[849843, 1053763, 995785, 845537, 934369]"
317,"[1082185, 13842100, 951590, 849870, 1069103]"
318,"[5569230, 1065593, 7025203, 1029743, 1106523]"
321,"[5580166, 1126899, 964520, 1056509, 944836]"
322,"[1055646, 862349, 1082185, 8203451, 1057260]"
323,"[981760, 1029743, 1106523, 6534178, 1082185]"
324,"[9526100, 1082185, 13007846, 1076608, 6534178]"
325,"[1082185, 13115666, 1084949, 976199, 883404]"
326,"[8090521, 1037840, 843339, 1029743, 1106523]"
327,"[1029743, 1106523, 6534178, 981760, 1082185]"
328,"[1082185, 1070820, 972191, 9677886, 1110409]"
329,"[1005186, 1082185, 866227, 854852, 934369]"
330,"[849843, 883404, 857849, 994928, 995242]"
331,"[1082185, 1070820, 981760, 1103752, 1029743]"
332,"[1082185, 862349, 995242, 1056267, 7160231]"
333,"[1029743, 1106523, 9526572, 981760, 6534178]"
334,"[1082185, 1139830, 860975, 852360, 826144]"
338,"[1082185, 1133018, 995785, 860776, 903325]"
339,"[923746, 1029743, 1106523, 833025, 1051323]"
342,"[859075, 1029743, 1129576, 1106523, 1022254]"
343,"[1029743, 1106523, 895327, 14073586, 1112108]"
345,"[923746, 870882, 916122, 1082185, 5592931]"
346,"[1082185, 6773046, 12731432, 883404, 849843]"
347,"[1029743, 1106523, 1082185, 981760, 6534178]"
348,"[999971, 962568, 1034499, 1068719, 981760]"
349,"[1082185, 1029743, 983078, 1106523, 880308]"
350,"[995785, 1110244, 848878, 1029743, 1106523]"
351,"[984715, 1082185, 1077133, 5588112, 923746]"
353,"[921744, 1082185, 979707, 1009449, 847270]"
354,"[1075313, 1082185, 5978656, 859075, 858700]"
356,"[6904858, 1049735, 997025, 1113588, 916767]"
357,"[1122358, 1126899, 916122, 999971, 1098485]"
358,"[859237, 9836140, 5569230, 5568489, 962229]"
360,"[858478, 1132770, 871162, 1073150, 5568378]"
361,"[1082185, 917033, 15596998, 1101010, 6533608]"
362,"[923746, 866227, 1022254, 986912, 981760]"
364,"[1082185, 912137, 1029743, 839656, 1106523]"
365,"[1135908, 1082185, 1136719, 1008625, 6534178]"
366,"[1029743, 1106523, 6534178, 981760, 1082185]"
367,"[1082185, 1070820, 1098248, 7025106, 839849]"
369,"[16809431, 840361, 981760, 949965, 959409]"
371,"[1082185, 1074405, 827683, 1038217, 919423]"
373,"[1029743, 1106523, 6534178, 981760, 1082185]"
374,"[1108094, 8090440, 1029743, 1082185, 1011300]"
375,"[898601, 1058021, 1029743, 1106523, 8090537]"
376,"[1033615, 1023958, 940700, 896862, 1133018]"
377,"[1082185, 9527593, 8019628, 1126899, 1112825]"
378,"[1005186, 1082185, 954642, 9878513, 6534178]"
380,"[1082185, 951590, 1013928, 1012587, 923746]"
381,"[1075368, 1051323, 1081177, 859075, 1029743]"
382,"[961979, 1029743, 1106523, 823862, 999250]"
383,"[1126899, 1082185, 1041259, 850004, 842630]"
384,"[869868, 1068957, 1061394, 8293447, 10180324]"
385,"[860776, 1082185, 903325, 962568, 1057260]"
386,"[1082185, 868764, 896617, 859075, 1092026]"
387,"[1082185, 1126899, 9925966, 1115711, 852267]"
388,"[901762, 15452534, 1079338, 1029743, 10285144]"
389,"[1082185, 10344585, 5978648, 916993, 1122358]"
390,"[1072693, 1058243, 1081533, 5569230, 995242]"
392,"[903325, 1082185, 951412, 15972790, 995816]"
393,"[1013928, 1053690, 995242, 999971, 1065593]"
394,"[1082185, 981760, 15830451, 1081177, 1029743]"
395,"[1053690, 1080414, 1115874, 1106428, 1055863]"
396,"[891024, 1120254, 1082185, 879031, 1075368]"
397,"[1015280, 1126899, 1058997, 1055646, 13842214]"
398,"[6534178, 883404, 1039126, 1092026, 1038217]"
400,"[8090536, 5566235, 5567702, 9676938, 860776]"
401,"[895540, 986912, 1082185, 841469, 849843]"
402,"[13842214, 13842090, 6534178, 853448, 12171656]"
404,"[6534178, 1110142, 1003600, 1092588, 966778]"
405,"[1008736, 834484, 970152, 945909, 1030362]"
406,"[1082185, 1070820, 1058997, 840361, 981760]"
407,"[983584, 1029743, 1106523, 914190, 1138953]"
409,"[1082185, 6534178, 873527, 981716, 1070820]"
410,"[1044078, 962229, 1029743, 992951, 981760]"
411,"[1082185, 1029743, 1094308, 1081177, 1039126]"
412,"[1005186, 1082185, 986912, 866227, 1005274]"
413,"[1082185, 6534178, 986912, 5569230, 5565352]"
414,"[1082185, 1061220, 865885, 845208, 1081177]"
415,"[864893, 10457471, 1029743, 1106523, 966494]"
417,"[995242, 903800, 1082185, 1029743, 1127831]"
418,"[6534178, 1058997, 938319, 826597, 9677466]"
420,"[1029743, 1106523, 981760, 6534178, 1082185]"
421,"[923746, 1070820, 6534178, 1082185, 976199]"
425,"[994894, 883404, 1080414, 849843, 1037332]"
426,"[5978656, 1005186, 6534178, 1082185, 1013307]"
427,"[1082185, 860776, 834484, 1029743, 991379]"
429,"[1056509, 948670, 15717170, 1029743, 898554]"
430,"[862349, 908531, 5569230, 878636, 873527]"
432,"[995242, 955043, 990869, 1029743, 835578]"
433,"[1082185, 998373, 6979518, 1029743, 5565202]"
434,"[1046587, 1068292, 7167218, 1123792, 1081189]"
435,"[8090521, 8090537, 6534178, 8090532, 8090536]"
437,"[1044500, 1053690, 987122, 6534074, 9884698]"
438,"[1082185, 951590, 1055646, 6034857, 1070820]"
441,"[6602729, 1038985, 12810393, 933835, 6533681]"
442,"[1110843, 1070015, 1095275, 12263788, 900112]"
443,"[923746, 1082185, 862349, 1057260, 867188]"
446,"[6534178, 981760, 1082185, 1029743, 1106523]"
447,"[1029743, 6534178, 1106523, 981760, 1082185]"
449,"[1067271, 1092026, 1017879, 6534178, 1123792]"
450,"[1005186, 1082185, 1038217, 13842214, 836281]"
451,"[962229, 1068292, 1044078, 999189, 972320]"
454,"[1055646, 6464208, 999971, 961554, 1029743]"
457,"[1082185, 1029743, 1106523, 1042942, 885217]"
458,"[849843, 6979545, 923746, 995242, 1023958]"
459,"[863762, 12262832, 844165, 894137, 981760]"
460,"[981760, 7025106, 9487825, 1029743, 10457044]"
461,"[1082185, 916122, 1050851, 1012816, 1004906]"
462,"[1082185, 854852, 1029743, 1106523, 1009205]"
463,"[1082185, 834484, 12810393, 835243, 901062]"
464,"[1082185, 1041157, 883404, 1134522, 842392]"
466,"[1101706, 6632551, 13115639, 981760, 6534178]"
467,"[1029743, 1106523, 844165, 848319, 913210]"
468,"[1122358, 1082141, 1098284, 860439, 1116578]"
469,"[1082185, 1098248, 901062, 968215, 1058997]"
470,"[1119784, 908314, 6534178, 937330, 975649]"
471,"[866227, 1023958, 6534178, 1022254, 1133018]"
474,"[844165, 1043590, 1092026, 1029743, 1065593]"
477,"[1029743, 1106523, 883404, 849843, 893868]"
478,"[981760, 6534178, 1082185, 1029743, 1106523]"
479,"[1029743, 1106523, 6534178, 981760, 1082185]"
480,"[1082185, 854754, 1009449, 951102, 1070820]"
482,"[981760, 1029743, 1106523, 6534178, 1082185]"
483,"[1043590, 1071939, 1029743, 1106523, 909894]"
484,"[5997527, 5997531, 9299432, 10198402, 984575]"
485,"[1082185, 7168431, 7166861, 951590, 919423]"
487,"[12484491, 10456405, 6534178, 981760, 946489]"
489,"[1082185, 957891, 5585727, 986912, 5586076]"
491,"[6534178, 862349, 1055504, 6533936, 1056509]"
493,"[998741, 819927, 1013321, 1093697, 822407]"
495,"[906443, 908531, 1029743, 883404, 1106523]"
497,"[9707137, 1029743, 1106523, 828143, 1090953]"
502,"[1029743, 1106523, 1082185, 981760, 6534178]"
503,"[895540, 1070820, 990251, 878636, 971983]"
505,"[1132770, 7441498, 962991, 1029743, 983267]"
506,"[12524323, 1018818, 1049372, 862308, 1075214]"
507,"[857554, 15716444, 1029743, 1106523, 956902]"
508,"[1108296, 844165, 1029743, 992395, 1106523]"
510,"[943169, 1070820, 862349, 1131115, 847270]"
511,"[6533765, 6534178, 883404, 999971, 1098066]"
513,"[1093413, 1034176, 1120928, 1117690, 5569471]"
514,"[923169, 866211, 1082185, 1005186, 1127831]"
515,"[1082185, 1106523, 1029743, 952317, 981760]"
516,"[1110572, 1029743, 1106523, 844179, 981760]"
517,"[1041259, 840361, 1126899, 1082185, 883404]"
518,"[1122358, 10285243, 1137775, 1060408, 1038985]"
520,"[883404, 1082185, 992622, 981760, 840361]"
521,"[6534178, 1082185, 819840, 981760, 922127]"
523,"[1082185, 894236, 6534178, 1039156, 1070820]"
524,"[1082185, 6534178, 1029743, 981760, 1106523]"
525,"[1082185, 1110572, 15926887, 1011300, 900598]"
526,"[6534178, 1039156, 8090521, 1081189, 995242]"
527,"[1131321, 933835, 12987976, 985386, 1011926]"
531,"[1075368, 995242, 5569230, 866227, 999971]"
533,"[6534178, 1051323, 995242, 857849, 1013259]"
534,"[6534178, 1034499, 7167218, 986760, 14077304]"
537,"[981760, 914190, 1029743, 881883, 1106523]"
538,"[1070820, 1037640, 1098844, 909714, 1040693]"
539,"[1082185, 5978648, 860975, 833025, 914190]"
540,"[1082185, 1000237, 995965, 6534178, 916122]"
542,"[1082990, 957232, 824796, 1029743, 1106523]"
543,"[1126310, 1025719, 964327, 862651, 949377]"
544,"[1082185, 868546, 1048462, 970365, 1029743]"
545,"[980488, 895540, 1005186, 861272, 15452608]"
547,"[1082185, 885290, 1029743, 1106523, 986912]"
548,"[1082185, 1135886, 869868, 929309, 998549]"
550,"[1082185, 1029743, 1106523, 981760, 6534178]"
552,"[853178, 863885, 1069039, 1056762, 6534178]"
553,"[951590, 868764, 995242, 849202, 1009361]"
554,"[862349, 1082185, 1072086, 1069103, 1029743]"
556,"[6534178, 1106523, 1029743, 1082185, 981760]"
557,"[879528, 1049781, 1133018, 881426, 1126899]"
558,"[1029743, 981760, 1106523, 9858819, 1082185]"
560,"[1082185, 978343, 6534178, 1029743, 847049]"
562,"[1082185, 923746, 847982, 883404, 995242]"
563,"[873527, 1029743, 1098066, 1106523, 9707078]"
564,"[1039505, 15926886, 1135868, 6961847, 5569230]"
566,"[1029743, 1106523, 6534178, 981760, 1082185]"
567,"[986912, 996891, 1076875, 1038217, 1044078]"
568,"[865330, 9575582, 890695, 1033615, 1101589]"
569,"[6391080, 970160, 1082185, 15831151, 981760]"
570,"[1082185, 1029743, 1106523, 925765, 978343]"
574,"[1082185, 933835, 908531, 916381, 1029743]"
575,"[1049735, 5569230, 1082185, 989409, 1126310]"
576,"[840361, 1041259, 5569230, 844165, 962568]"
577,"[1082185, 951590, 882496, 907014, 889989]"
578,"[1082185, 847207, 981760, 8090521, 1081189]"
579,"[981760, 1029743, 1106523, 6534178, 1082185]"
580,"[909894, 1118946, 887342, 1056509, 948232]"
581,"[1126899, 1084796, 983584, 7441498, 1002558]"
582,"[854852, 1133018, 1041259, 845715, 6534178]"
583,"[1092026, 1120741, 5569230, 844165, 989824]"
586,"[865330, 995242, 861272, 906335, 916122]"
587,"[1029743, 911470, 859426, 1106523, 863449]"
588,"[995785, 6534178, 1133018, 908531, 1070015]"
590,"[1029743, 1139216, 1106523, 1072086, 1041796]"
591,"[1029743, 1106523, 854852, 1065017, 9245106]"
593,"[1133018, 1106523, 921288, 905913, 1085604]"
594,"[6534178, 5978648, 962229, 1029743, 1106523]"
595,"[6513719, 873847, 1029743, 13512542, 1106523]"
596,"[1027642, 860776, 8090521, 972143, 12731621]"
598,"[6533765, 6534178, 976199, 1099802, 8091554]"
600,"[951590, 938138, 16729415, 13842100, 1070702]"
602,"[1055646, 883404, 1126899, 937791, 1098066]"
603,"[925514, 1124729, 6534178, 1029743, 7167218]"
604,"[1082185, 862349, 914577, 5569374, 834129]"
605,"[5978656, 1126899, 5585966, 5978648, 948670]"
606,"[995242, 1029743, 13672224, 990688, 885290]"
608,"[863762, 6979753, 1038462, 5565802, 972235]"
609,"[1133018, 6534178, 1070015, 1029743, 5572828]"
610,"[6534178, 981760, 1082185, 1029743, 1106523]"
611,"[1029743, 8090546, 1106523, 9803678, 7409663]"
612,"[6534178, 883404, 995242, 943233, 868075]"
613,"[981760, 1029743, 1106523, 6534178, 1082185]"
614,"[1055646, 860776, 995242, 951526, 1054539]"
615,"[1082185, 1029743, 1106523, 12731434, 971922]"
617,"[1082185, 14106445, 1116821, 1126899, 10345155]"
618,"[1070820, 873964, 6919087, 1037840, 856818]"
621,"[8019636, 5569893, 836051, 1068517, 959022]"
622,"[986912, 879755, 1029743, 1106523, 929433]"
623,"[6534178, 909894, 1008673, 1106523, 14025541]"
624,"[995785, 916122, 6534178, 950894, 1013321]"
630,"[1082185, 1070820, 6464147, 1138631, 12731432]"
631,"[1082185, 938319, 5585636, 979707, 841309]"
632,"[6533889, 935284, 1055646, 870211, 1057260]"
633,"[995242, 961730, 6534178, 8090546, 1002787]"
636,"[927191, 8019716, 977499, 1084331, 8358933]"
637,"[1043494, 844165, 1092026, 1037840, 1082185]"
638,"[1082185, 923746, 1029743, 847982, 1059347]"
640,"[1082185, 1029743, 1106523, 981760, 6534178]"
641,"[1104349, 1070820, 1126899, 923789, 1082185]"
643,"[13512678, 1093359, 5585735, 872729, 883404]"
644,"[1082185, 950247, 862349, 1077975, 15972115]"
647,"[1082185, 951590, 848107, 933835, 847982]"
648,"[1082185, 1119051, 979707, 987838, 1081177]"
650,"[981760, 6534178, 1082185, 1029743, 1106523]"
652,"[981760, 1029743, 1106523, 6534178, 1082185]"
653,"[6534178, 6534166, 1112766, 5587837, 834484]"
654,"[878837, 864893, 937413, 1056509, 944137]"
655,"[6533765, 6534178, 995628, 1029743, 1106523]"
658,"[1070015, 1029743, 1106523, 1075470, 1131351]"
659,"[1133018, 1029743, 1106523, 5569845, 12524925]"
660,"[15596089, 1126899, 10284946, 916122, 936924]"
661,"[950247, 901762, 1055403, 997415, 5569230]"
662,"[1029743, 1106523, 8011291, 1082185, 981760]"
663,"[1082185, 6534178, 1124729, 925514, 908531]"
665,"[1029743, 1106523, 981760, 6534178, 1082185]"
666,"[972235, 1089066, 847982, 1044078, 873203]"
667,"[923746, 1082185, 995242, 823758, 845208]"
668,"[1058997, 820122, 1027874, 893501, 940947]"
669,"[1082185, 880427, 15800707, 951412, 12171206]"
670,"[1082185, 6534178, 867547, 1029743, 1041259]"
671,"[1056509, 1029743, 951590, 935284, 847434]"
672,"[8119319, 860703, 961554, 1118533, 975606]"
673,"[1082185, 827683, 1029743, 6533182, 1106523]"
674,"[1033615, 1122358, 883404, 860776, 1027642]"
675,"[6533765, 6534178, 856888, 822161, 12811580]"
676,"[917033, 1016800, 972665, 1080414, 869728]"
680,"[932464, 888178, 824311, 930917, 995242]"
681,"[856252, 890695, 967461, 1134483, 8019916]"
684,"[1029743, 849843, 940700, 951176, 6773230]"
685,"[1015539, 1097398, 6463451, 863447, 844179]"
687,"[5569230, 871754, 844165, 951590, 1029743]"
690,"[1082185, 1006664, 1037840, 1088771, 883404]"
691,"[8011397, 1118046, 1082185, 825365, 981760]"
692,"[894236, 1055646, 1082185, 938283, 873887]"
693,"[979707, 849202, 1029743, 1106523, 921852]"
694,"[1037840, 951590, 7025046, 995242, 6534178]"
695,"[1039156, 995242, 6534178, 5587133, 1029743]"
696,"[1082185, 1031864, 1126899, 6534178, 868548]"
697,"[1029743, 1106523, 981760, 1053460, 1082185]"
698,"[1005186, 6534178, 1110843, 1029743, 948832]"
699,"[1082185, 962229, 917033, 961554, 6554202]"
700,"[1082185, 1029743, 1106523, 981760, 6534178]"
701,"[10344585, 981760, 1088429, 5569374, 891632]"
702,"[1082185, 903325, 1051323, 6534178, 12731432]"
703,"[6534178, 5569230, 946995, 914190, 9884484]"
705,"[912112, 1029743, 1106523, 995505, 981760]"
706,"[1070820, 883404, 6534178, 976199, 961554]"
707,"[1082185, 6534178, 6533889, 824005, 866227]"
708,"[848071, 910439, 845208, 932179, 12949855]"
709,"[1107553, 1011300, 868764, 1092026, 1138189]"
710,"[1082185, 858478, 1110572, 1132770, 922636]"
711,"[1029743, 1098284, 1106523, 986394, 6534178]"
712,"[1082185, 1070820, 901397, 5978656, 1056509]"
713,"[1082185, 962229, 1075368, 1029743, 1106523]"
714,"[1082185, 923746, 854042, 1126899, 849843]"
715,"[995242, 857849, 1080414, 8160319, 840361]"
716,"[12262832, 1070702, 1029743, 1106523, 981760]"
717,"[1029743, 1106523, 6534178, 981760, 1082185]"
718,"[859075, 1019744, 5585510, 1045109, 873324]"
719,"[1082185, 895930, 933835, 819978, 1026946]"
720,"[1056212, 1055504, 5568758, 1029743, 1115069]"
721,"[1029743, 1106523, 6534178, 981760, 1082185]"
722,"[5585727, 1082185, 965766, 845208, 1098844]"
723,"[862349, 1082185, 1043920, 999104, 6534178]"
725,"[892008, 834484, 1126899, 860776, 868764]"
726,"[1058997, 1082185, 6534178, 922127, 961554]"
727,"[847982, 6534178, 978974, 859075, 950894]"
728,"[1101771, 1070015, 1038467, 900770, 10198378]"
729,"[1082185, 981760, 6534178, 1029743, 1106523]"
730,"[1126899, 1029743, 1101744, 1106523, 954347]"
731,"[830790, 868764, 1016730, 859075, 1029743]"
733,"[870390, 1034837, 9526730, 1017041, 7443137]"
734,"[1082185, 970160, 981760, 821083, 950557]"
735,"[923746, 1029743, 1106523, 1082185, 949023]"
736,"[1082185, 13115493, 13115548, 1012052, 946489]"
740,"[1116821, 995242, 1024306, 961554, 6034857]"
741,"[845208, 5580166, 866227, 13213604, 977545]"
742,"[1053690, 1092026, 965766, 879755, 1029743]"
743,"[1077975, 1027068, 8119303, 5588365, 1029743]"
744,"[1082185, 1100125, 1056509, 13115981, 919534]"
745,"[1082185, 1077975, 962568, 854852, 1034222]"
747,"[967661, 1021715, 866211, 859987, 883404]"
748,"[951590, 1029743, 1106523, 826249, 1044078]"
749,"[1029743, 1106523, 981760, 6534178, 1082185]"
750,"[1133018, 908531, 883404, 834833, 844165]"
752,"[6979803, 986912, 1082185, 6979808, 12263408]"
753,"[1082185, 1009187, 1126899, 1030362, 5568072]"
754,"[1082185, 986947, 1016785, 841584, 873887]"
755,"[6534178, 993466, 981760, 995965, 7410042]"
757,"[962229, 1082185, 981760, 826249, 956274]"
759,"[1082185, 981760, 13213255, 6534178, 1029743]"
761,"[1082185, 923746, 1029743, 1104343, 905072]"
762,"[1005186, 986912, 1073957, 944167, 862349]"
764,"[923746, 862349, 1082185, 981760, 1095275]"
766,"[1082185, 995242, 916990, 868764, 5586076]"
767,"[1082185, 1029743, 1106523, 981760, 6534178]"
768,"[1126310, 995242, 1026712, 9527223, 962229]"
769,"[1092026, 1053690, 844165, 1029743, 1106523]"
770,"[5569230, 937845, 1071939, 859075, 1095275]"
771,"[979707, 834484, 976998, 995785, 994928]"
773,"[1082185, 835973, 909714, 5575713, 9837394]"
776,"[1082185, 10284946, 1075305, 1029743, 967762]"
777,"[862725, 961554, 1028891, 863447, 6544236]"
779,"[1057260, 860776, 834484, 976199, 1071939]"
781,"[1001277, 871061, 912681, 1046816, 1088147]"
784,"[6534178, 1082185, 1008814, 1139782, 5569230]"
786,"[1082185, 972665, 1065538, 6534178, 1008032]"
787,"[1082185, 894236, 862349, 1039156, 7025114]"
788,"[6533765, 899624, 1004906, 1131550, 9835223]"
789,"[981760, 971807, 1029743, 1106523, 838738]"
790,"[1100273, 6552254, 1037089, 1070015, 7410320]"
793,"[1029743, 1106523, 1021324, 1023979, 15660214]"
794,"[1082185, 1029743, 1106523, 981760, 6534178]"
795,"[1082185, 1029743, 1106523, 981760, 6534178]"
796,"[1082185, 6534178, 981760, 1029743, 1106523]"
798,"[6534178, 12330794, 981760, 1126899, 834117]"
799,"[1082185, 1050851, 970119, 1126899, 849843]"
800,"[1082185, 1096099, 860703, 911974, 995242]"
801,"[981760, 1037863, 1020682, 15926886, 976199]"
802,"[983584, 1066783, 1029743, 839656, 1041796]"
803,"[1082185, 969866, 995242, 1084551, 1018769]"
804,"[865330, 1120741, 1080414, 883404, 844165]"
805,"[1082185, 5978648, 979707, 949023, 6534178]"
806,"[5572308, 1082185, 880050, 999581, 1007571]"
807,"[1082185, 858999, 838186, 6534178, 6534035]"
808,"[879755, 1016800, 1029743, 1008814, 6534178]"
810,"[1082185, 1028816, 993638, 908846, 962615]"
811,"[995242, 1070015, 1029743, 856060, 1106523]"
813,"[1082185, 834117, 895540, 860776, 913210]"
814,"[1082185, 981760, 6534178, 1029743, 1106523]"
816,"[1082185, 13213475, 6534178, 862349, 840361]"
817,"[1070820, 856345, 1075074, 859075, 1092588]"
818,"[6544236, 6534178, 893501, 1126899, 6602697]"
820,"[1082185, 1037840, 8090509, 995242, 1124729]"
822,"[981760, 1029743, 1106523, 6534178, 1082185]"
823,"[995785, 1082185, 6534178, 1058779, 981760]"
824,"[1082185, 923746, 962229, 1029743, 1020682]"
825,"[6533889, 1058997, 1126899, 987562, 829852]"
826,"[1037840, 1137304, 845193, 970792, 12384431]"
829,"[834236, 995242, 1082185, 960791, 1137775]"
830,"[6534178, 1082185, 5978656, 1029743, 1106523]"
831,"[951590, 916122, 1139216, 890695, 995242]"
836,"[1029743, 1106523, 981760, 6534178, 1082185]"
837,"[1133018, 1112825, 1029743, 1106523, 941856]"
840,"[860776, 1090884, 989157, 883404, 916122]"
841,"[1135468, 1135681, 1133018, 908531, 1054383]"
842,"[9245108, 6534178, 1132770, 5568378, 15926886]"
844,"[998912, 1014689, 1127831, 1082185, 1026118]"
845,"[981760, 847270, 8090509, 8292899, 5568729]"
846,"[1133018, 951590, 1123792, 890695, 936634]"
847,"[1082185, 1062128, 1005274, 1081189, 1121694]"
848,"[1016709, 1070820, 5568845, 1038985, 1089025]"
850,"[995242, 1106373, 991411, 857849, 1084949]"
852,"[1082185, 1070820, 1126899, 1022254, 900802]"
853,"[1058997, 6602729, 6904485, 9859017, 1017711]"
854,"[860528, 1018588, 1001728, 1123842, 6534178]"
855,"[873887, 1005186, 916993, 986912, 1118787]"
856,"[9419487, 995242, 1011974, 990797, 5587656]"
857,"[922561, 976998, 1084310, 832335, 8019902]"
858,"[1070820, 1029743, 1106523, 1122085, 1036347]"
859,"[951590, 5569230, 1075368, 995242, 962229]"
861,"[1082185, 981760, 1029743, 1106523, 6534178]"
862,"[865510, 1134522, 856772, 1033615, 908318]"
863,"[995242, 863447, 5569135, 884686, 1119761]"
864,"[927191, 1082185, 1029743, 5978656, 5978648]"
865,"[962229, 1075368, 899624, 1008074, 9928420]"
866,"[910745, 1110793, 1106523, 983584, 1056509]"
867,"[908531, 983584, 1133018, 6534178, 16734350]"
868,"[1082185, 883404, 1070820, 1056509, 5569230]"
869,"[923746, 949023, 8019216, 981760, 5592931]"
871,"[1082185, 913210, 867668, 12171765, 979707]"
875,"[1082185, 1126899, 1029743, 1106523, 1013321]"
876,"[1082185, 6534178, 883404, 1058997, 849843]"
877,"[1082185, 1113667, 10204837, 10149854, 8011397]"
878,"[1082185, 1005186, 1051323, 866227, 986912]"
879,"[1101010, 862682, 896369, 6534178, 6424447]"
880,"[951590, 15926775, 981760, 6534178, 1082185]"
881,"[9884698, 883404, 962229, 987724, 999971]"
882,"[1133018, 1106523, 1092026, 893501, 1137775]"
883,"[6534166, 1082185, 9524291, 1110111, 1057749]"
884,"[1029743, 1106523, 852793, 6534178, 981760]"
885,"[1082185, 1029743, 981760, 1137100, 1106523]"
886,"[6534178, 1029743, 1106523, 1035143, 1096036]"
887,"[1055646, 860776, 950894, 878445, 884945]"
888,"[10344585, 6034857, 951590, 1082185, 1000237]"
889,"[1082185, 6534178, 880427, 882434, 969941]"
891,"[866227, 936914, 1012587, 903325, 825541]"
893,"[15972565, 957839, 5592610, 872137, 1106116]"
894,"[1082185, 8019181, 1053715, 1029743, 1106523]"
895,"[7024847, 1082185, 12262832, 6534178, 948478]"
897,"[1044507, 1039156, 1079528, 1029743, 1126899]"
898,"[6534166, 6534178, 834484, 824005, 1057260]"
900,"[6534178, 986912, 6979579, 957374, 972418]"
903,"[1005274, 1126899, 1082185, 880427, 1029743]"
904,"[1082185, 6534178, 981760, 1029743, 1106523]"
906,"[860703, 911974, 1048237, 1137507, 1082185]"
907,"[986912, 981760, 1057260, 1029743, 1106523]"
908,"[1082185, 955887, 1057260, 1078666, 1015694]"
909,"[1055646, 1082185, 1056509, 976199, 914190]"
911,"[8011397, 834484, 1082185, 927191, 962568]"
913,"[1082185, 994223, 1070820, 16729296, 1029743]"
914,"[6534178, 1124729, 1029743, 1073150, 1106523]"
915,"[853354, 833025, 1057260, 954642, 1081853]"
916,"[446206, 485048, 570861, 505630, 781775]"
919,"[1111839, 9836195, 1128647, 918733, 1113588]"
920,"[866227, 1101589, 1106523, 1108940, 999971]"
922,"[1082185, 6534178, 1039156, 1058997, 962568]"
924,"[1029743, 1106523, 905636, 1086740, 1121656]"
926,"[1082185, 995785, 1101706, 903325, 14025185]"
927,"[1082185, 981760, 878445, 1029743, 1106523]"
928,"[1126658, 908531, 12171765, 1037863, 6633302]"
929,"[989075, 951526, 1053763, 824555, 7167218]"
930,"[850102, 1029743, 1050741, 1106523, 883616]"
931,"[956902, 13841744, 6979753, 866043, 1082185]"
934,"[1082185, 899624, 908531, 866227, 1004906]"
935,"[9836195, 922561, 981760, 1012052, 1068957]"
936,"[5978656, 1120928, 5569230, 908531, 861445]"
937,"[1082185, 5585636, 5590287, 844166, 5585186]"
939,"[951590, 1082185, 866227, 13841744, 1120741]"
940,"[1082185, 828867, 976998, 1123792, 829802]"
941,"[5568378, 976214, 1052325, 828331, 885463]"
942,"[13842214, 946995, 1015539, 1014388, 941515]"
943,"[5592931, 13213202, 1139066, 1029743, 1106523]"
944,"[1082185, 1101010, 1132771, 903609, 866211]"
946,"[1005186, 1082185, 923746, 849843, 1133018]"
947,"[1101771, 1134483, 1101010, 1013259, 10285149]"
949,"[6534178, 1082185, 1096817, 1000237, 873527]"
951,"[1082185, 6534178, 1029743, 1048462, 1106523]"
952,"[862349, 909894, 1122358, 860975, 896369]"
953,"[849843, 877310, 1106301, 1101173, 5569135]"
954,"[1489189, 981760, 1587018, 1029743, 1106523]"
955,"[16729415, 827683, 1014238, 866140, 1101173]"
956,"[955858, 1068651, 1070820, 6534166, 12731544]"
957,"[5592931, 1088835, 1116589, 879755, 1032703]"
959,"[1029272, 1051093, 13654702, 1003188, 901470]"
960,"[1082185, 1030406, 1070820, 1126899, 886395]"
961,"[12428017, 1078440, 1082185, 1029743, 909249]"
964,"[1082185, 962229, 938700, 1029743, 8090521]"
965,"[12301100, 1077643, 883404, 9836106, 849843]"
967,"[981760, 6534178, 1082185, 1029743, 1106523]"
968,"[1082185, 995242, 1006664, 916767, 1039156]"
969,"[883404, 8205218, 1029743, 981760, 1106523]"
971,"[6602697, 995242, 908531, 6602199, 1075368]"
972,"[6534178, 862349, 13008334, 6632283, 1107553]"
973,"[918584, 1082185, 13944858, 8118764, 12582451]"
974,"[6534178, 1082185, 1029743, 1106523, 981760]"
975,"[1082185, 1098248, 5569471, 6533889, 995965]"
976,"[1082185, 1070820, 1005186, 914190, 1058997]"
978,"[1029743, 981760, 1106523, 1082185, 6534178]"
979,"[948495, 1082185, 5978656, 6534178, 8066803]"
981,"[1082185, 1092937, 901460, 995242, 951590]"
982,"[6534178, 1069256, 1082185, 5563693, 6533765]"
983,"[1095275, 913210, 1005186, 834117, 1082185]"
984,"[870780, 1082185, 979707, 6534178, 15511396]"
985,"[907647, 962229, 1029743, 1106523, 13841744]"
986,"[873964, 849843, 8090440, 945372, 1060673]"
987,"[1137775, 1034176, 1075368, 1029743, 1106523]"
988,"[1070820, 1029743, 1112766, 1106523, 876314]"
989,"[1082185, 1029743, 1068292, 834484, 930917]"
991,"[6534178, 5978656, 1082185, 981760, 1029743]"
992,"[1005186, 1082185, 909714, 6534178, 5995597]"
993,"[1082185, 995242, 8293439, 860776, 1060269]"
996,"[1082185, 948670, 923746, 1133018, 1009187]"
997,"[1070820, 1019247, 1080867, 951197, 1029743]"
998,"[6533765, 1037840, 869577, 901460, 896369]"
999,"[917033, 883404, 1029743, 15926844, 865330]"
1000,"[1005186, 986912, 1082185, 9575582, 1133018]"
1001,"[1095275, 1135834, 889320, 6534074, 866227]"
1003,"[7152455, 1029743, 1106523, 7410336, 5592797]"
1004,"[995628, 849843, 1043730, 911502, 961620]"
1005,"[921920, 8205218, 847982, 979707, 934676]"
1007,"[1082185, 9575582, 1029743, 1106523, 13212996]"
1008,"[1110572, 9707528, 17168855, 12782126, 6534178]"
1010,"[1082185, 862349, 953539, 1076954, 1071939]"
1011,"[894236, 891423, 1081919, 1126899, 942459]"
1012,"[1082185, 986912, 1070820, 9553021, 1029743]"
1014,"[948670, 1104343, 1099991, 911974, 995242]"
1015,"[1082185, 1134522, 862349, 979452, 916993]"
1018,"[1070820, 1131321, 862732, 1051323, 936355]"
1019,"[1082185, 981760, 1029743, 1106523, 854852]"
1020,"[1070820, 10344585, 13008334, 1082185, 9707078]"
1021,"[893629, 6534178, 1029743, 13417853, 1110111]"
1023,"[6533889, 936830, 15972565, 1044259, 994607]"
1024,"[940947, 1008288, 1038663, 999779, 847982]"
1025,"[983584, 1029743, 1106523, 8090521, 8090537]"
1027,"[1132771, 969932, 874670, 971314, 1033220]"
1029,"[1048257, 1082185, 1058997, 1126899, 15972565]"
1030,"[1082185, 1070820, 981760, 987218, 13115981]"
1034,"[6534178, 1029743, 981760, 1106523, 1082185]"
1038,"[1058997, 999971, 849843, 6534178, 5592931]"
1039,"[972665, 938319, 1029743, 9419422, 831063]"
1040,"[1082185, 916993, 9837182, 1075368, 15926507]"
1041,"[995242, 845163, 902377, 1115098, 849843]"
1042,"[862349, 856252, 8011397, 868075, 861272]"
1043,"[981760, 6534178, 1082185, 1029743, 1106523]"
1045,"[1058997, 9707078, 1029743, 6772950, 1109615]"
1046,"[1126899, 952399, 16729299, 1007269, 888104]"
1047,"[1133018, 995242, 871754, 1029743, 1106523]"
1050,"[1112766, 1133018, 1123254, 844165, 972312]"
1051,"[1082185, 951590, 883404, 865026, 1137775]"
1053,"[1041259, 1005186, 9527350, 979707, 1107839]"
1057,"[1005186, 899257, 1082185, 1110409, 873887]"
1058,"[1044078, 844165, 849843, 1038462, 1106523]"
1060,"[6534178, 1029743, 1106523, 1082185, 1453637]"
1061,"[989075, 900491, 1025611, 1012587, 907014]"
1062,"[984677, 838602, 1116578, 1127624, 883404]"
1064,"[1082185, 862349, 12301178, 15926886, 857849]"
1066,"[1082185, 979707, 989101, 835098, 834826]"
1067,"[1126899, 883404, 1075368, 1082185, 826666]"
1068,"[981760, 1029743, 1116385, 1106523, 854133]"
1069,"[923314, 1082185, 989069, 1029743, 844179]"
1070,"[1134398, 7167945, 908531, 12649165, 1096635]"
1071,"[898510, 1132770, 1085604, 13115937, 15715907]"
1073,"[1058997, 956672, 995242, 10344585, 923789]"
1074,"[914190, 909129, 10344585, 1082185, 923746]"
1075,"[1070015, 1029743, 938554, 1106523, 6534178]"
1076,"[1130729, 948381, 13007721, 1003600, 8090521]"
1077,"[951590, 893018, 879504, 840361, 1096036]"
1078,"[1082185, 1126899, 834484, 903325, 6534178]"
1080,"[1029743, 1106523, 8090537, 971660, 15717057]"
1081,"[972665, 882496, 1024319, 908318, 899624]"
1082,"[844165, 1111839, 6534178, 990440, 903233]"
1083,"[864335, 908843, 832001, 1029743, 9705473]"
1084,"[951590, 1122358, 953476, 1029743, 844179]"
1085,"[826272, 938849, 6534178, 1070702, 885463]"
1086,"[1008074, 1076954, 15831255, 981760, 883404]"
1087,"[1029743, 1106523, 981760, 6534178, 1082185]"
1088,"[865330, 1077600, 1045478, 861701, 997011]"
1089,"[1082185, 947798, 1029743, 951590, 1106523]"
1090,"[844179, 1029743, 1106523, 892376, 981760]"
1091,"[1029743, 6534178, 1106523, 1082185, 981760]"
1092,"[1008334, 826385, 912451, 859075, 1096036]"
1093,"[946011, 1082185, 981760, 833025, 845208]"
1094,"[1051323, 995242, 1029743, 951590, 933835]"
1096,"[1029743, 6772782, 825226, 1106523, 9575583]"
1097,"[8090440, 1121360, 992622, 857130, 8181451]"
1098,"[1082185, 5978656, 912451, 6534178, 1055646]"
1100,"[6534178, 981760, 1082185, 1029743, 1106523]"
1102,"[1082185, 981760, 1029743, 1106523, 926394]"
1103,"[1126899, 871754, 981760, 1029743, 1106523]"
1104,"[948832, 1015280, 901460, 901656, 12525019]"
1105,"[1082185, 6534178, 1029743, 1106523, 981760]"
1106,"[12757316, 1106523, 1029743, 893018, 883404]"
1108,"[1029743, 1106523, 1013259, 1051884, 6534178]"
1109,"[1082185, 1065593, 961554, 1046816, 981760]"
1110,"[1775642, 1070820, 923746, 948650, 840361]"
1111,"[1082185, 927681, 1025326, 1025650, 1055646]"
1112,"[1082185, 6533889, 981760, 6534178, 1029743]"
1113,"[1082185, 1126899, 1028816, 1029743, 845208]"
1114,"[1106523, 1029743, 935824, 981760, 5569135]"
1115,"[1082185, 6534178, 871722, 981760, 1029743]"
1117,"[854042, 995242, 827683, 1093490, 6391494]"
1119,"[1082185, 883404, 7410220, 940947, 12302069]"
1120,"[995242, 995785, 6979427, 985119, 1026346]"
1121,"[1092937, 962229, 995242, 912137, 1082185]"
1123,"[986912, 5570398, 1066251, 5568378, 1126899]"
1124,"[6534178, 1133018, 8090521, 879755, 1029743]"
1127,"[962229, 1029743, 1106523, 1082185, 981760]"
1128,"[6533765, 921406, 6534178, 1119051, 1031260]"
1129,"[989307, 1137688, 1096355, 1126899, 858439]"
1130,"[1044078, 1093631, 1089888, 840361, 955043]"
1131,"[1075368, 1133018, 1082185, 13672066, 1120741]"
1132,"[1082185, 923746, 938138, 885290, 951590]"
1133,"[1038985, 1029743, 1076875, 1106523, 1098844]"
1134,"[1082185, 1051323, 920025, 857503, 1028816]"
1135,"[981760, 1101173, 856060, 1045220, 6534178]"
1136,"[962229, 1053690, 847982, 6534178, 983584]"
1137,"[1082185, 924667, 849843, 995242, 885290]"
1138,"[1015539, 1097398, 899543, 941515, 15926886]"
1139,"[931743, 1082185, 885290, 862349, 1029743]"
1141,"[1029743, 1106523, 13841744, 983584, 879755]"
1142,"[6533889, 6534178, 1082185, 5587133, 1051468]"
1145,"[975649, 1066251, 902362, 843911, 1028715]"
1146,"[6534178, 955854, 968932, 1009205, 1029743]"
1147,"[824005, 844697, 1124695, 10254584, 926905]"
1149,"[945909, 1029743, 1106523, 981760, 6534178]"
1151,"[923746, 997309, 6602697, 13189919, 962266]"
1152,"[844165, 1076875, 981760, 1029743, 916381]"
1154,"[1016129, 1000148, 849843, 842698, 971983]"
1155,"[883404, 923967, 833935, 995785, 897306]"
1157,"[951590, 853756, 1000672, 960732, 13190418]"
1158,"[1049735, 916767, 1038443, 1044078, 1029743]"
1159,"[1082185, 10284946, 8205198, 1107553, 839191]"
1160,"[1133018, 969866, 893018, 5592931, 1082185]"
1161,"[1029743, 962568, 1106523, 8090537, 5568201]"
1163,"[1082185, 1056509, 13842088, 862349, 899624]"
1164,"[1082185, 1070820, 832082, 893676, 1118332]"
1166,"[5978656, 1082185, 911915, 889319, 886803]"
1167,"[1082185, 1070820, 962229, 883404, 1115175]"
1168,"[983584, 1029743, 1106523, 1116578, 1005186]"
1169,"[858478, 1093413, 960791, 883003, 1082185]"
1171,"[995242, 981760, 1032950, 1029743, 1106523]"
1172,"[911017, 963686, 1029743, 1029688, 923746]"
1174,"[1029743, 919589, 883404, 1106523, 9297574]"
1175,"[963365, 968759, 1082185, 907099, 990762]"
1176,"[1029743, 1106523, 1139216, 6534178, 981760]"
1178,"[1104343, 840361, 6464165, 992622, 946793]"
1179,"[6534178, 1056509, 962229, 860776, 933835]"
1180,"[1033615, 923746, 834833, 1111839, 860776]"
1182,"[842392, 899624, 1029743, 1106523, 1044078]"
1183,"[1029743, 1106523, 981760, 6534178, 1082185]"
1185,"[999971, 903230, 895930, 1106523, 1029743]"
1186,"[903800, 8249140, 1057102, 1098844, 9547021]"
1187,"[1109516, 5571248, 951176, 1138487, 7167218]"
1188,"[931136, 15596429, 1048727, 10284946, 1092026]"
1189,"[1082185, 995242, 1068292, 1106523, 1029743]"
1190,"[9446692, 9446691, 913806, 1082185, 995242]"
1191,"[995785, 1082185, 872461, 849809, 901066]"
1192,"[849843, 6534178, 994928, 981760, 1098066]"
1193,"[13842088, 6534074, 951590, 1092026, 839849]"
1194,"[1005186, 857849, 994928, 1133018, 981760]"
1195,"[6534178, 1075368, 8090509, 901656, 1049372]"
1196,"[1135195, 865511, 820301, 879699, 901062]"
1197,"[5978648, 5978656, 6534178, 1053460, 13842214]"
1198,"[915064, 6534178, 1074928, 13417590, 1029743]"
1201,"[1029743, 1106523, 1075793, 906335, 981760]"
1202,"[13382402, 825703, 1031831, 855557, 1048257]"
1203,"[951590, 6534178, 6533437, 1082185, 6904423]"
1204,"[1071277, 15741787, 1029743, 983584, 917033]"
1205,"[1098066, 1092026, 951590, 1134522, 883404]"
1206,"[883404, 1029743, 979707, 961554, 1039589]"
1207,"[1082185, 1029743, 1106523, 967395, 6534178]"
1208,"[6534178, 1024051, 1098284, 1029743, 841228]"
1209,"[1029743, 861445, 1106523, 6534178, 1082185]"
1210,"[1082185, 1070820, 12263788, 1106523, 16809471]"
1211,"[6534178, 879504, 8065410, 957322, 977927]"
1214,"[6534178, 981760, 1082185, 1029743, 1106523]"
1216,"[1065593, 915605, 1082627, 12523993, 1015508]"
1217,"[6534178, 908531, 1029743, 1106523, 879528]"
1218,"[1082185, 1070820, 849843, 6534178, 895070]"
1219,"[903567, 850841, 1014238, 834117, 1098066]"
1221,"[1029743, 1106523, 1082185, 981760, 6534178]"
1222,"[941741, 951590, 5570383, 1091090, 849505]"
1223,"[8090521, 1021324, 1029743, 891505, 5568378]"
1224,"[862349, 1068719, 920191, 1103105, 935284]"
1225,"[1082185, 1120741, 919180, 1089025, 1029743]"
1226,"[1082185, 1070820, 1070015, 921744, 1039224]"
1227,"[1082185, 5568378, 1092026, 1053690, 8202942]"
1228,"[1082185, 5569471, 1005186, 900418, 951221]"
1229,"[1070820, 6534178, 6034857, 903325, 1082185]"
1230,"[1029743, 1106523, 6534178, 981760, 1082185]"
1231,"[1055646, 995242, 1082185, 1110142, 923746]"
1234,"[1042702, 885406, 5568228, 1134011, 1043837]"
1236,"[1037840, 5569230, 1082185, 965766, 999971]"
1238,"[1082185, 890610, 5584645, 951590, 6534178]"
1240,"[1082185, 6533889, 995785, 1070820, 6534178]"
1241,"[981760, 1092026, 1135681, 6534178, 1029743]"
1242,"[1029743, 1106523, 17168855, 981760, 6534178]"
1245,"[6534178, 860776, 1112766, 1033615, 962568]"
1246,"[6534178, 909750, 1126899, 911502, 913490]"
1247,"[1082185, 951590, 1126899, 1009449, 1055646]"
1248,"[865511, 941183, 971922, 914753, 1106523]"
1249,"[7025106, 1029743, 1106523, 1065593, 892920]"
1252,"[1102929, 1119946, 1135578, 12987975, 1115175]"
1255,"[982790, 1021715, 1077555, 1005609, 947798]"
1256,"[1082185, 976293, 1000542, 1077975, 1064086]"
1257,"[1082185, 847207, 6534178, 1126899, 880253]"
1258,"[1022003, 895540, 5569471, 950098, 883932]"
1259,"[1082185, 916993, 962229, 1088835, 6533608]"
1260,"[949257, 1082185, 1098248, 901888, 1102949]"
1261,"[1055044, 1126310, 870843, 964968, 6534178]"
1262,"[1029743, 981760, 1106523, 6534178, 1082185]"
1263,"[6534178, 10198378, 1085604, 856772, 879755]"
1264,"[1038703, 1039589, 896611, 1106523, 6534178]"
1265,"[1082185, 918733, 1101010, 936634, 1070716]"
1266,"[17179012, 913202, 7167249, 849843, 1085604]"
1267,"[13842214, 1005186, 13842090, 12171656, 916122]"
1269,"[1082185, 1057260, 1101589, 1029743, 1106523]"
1270,"[1082185, 848071, 893651, 835243, 908846]"
1271,"[1082185, 878996, 978343, 947412, 864279]"
1272,"[865330, 1039156, 1055646, 1005186, 974766]"
1274,"[1070820, 995242, 1091342, 879504, 1082185]"
1277,"[1120741, 1090884, 8090521, 6534178, 1092026]"
1278,"[1029743, 1106523, 981760, 6534178, 1082185]"
1279,"[951590, 1043590, 965766, 16122293, 840361]"
1280,"[1029743, 1106523, 6534178, 981760, 1082185]"
1281,"[1033615, 1131344, 1029743, 1106523, 1113820]"
1282,"[1133018, 899624, 899201, 1022254, 1106523]"
1283,"[6534178, 1112761, 921852, 988693, 12599593]"
1284,"[951590, 999971, 1050851, 849843, 15926886]"
1285,"[1039156, 5569230, 1126310, 970605, 1101173]"
1287,"[1082185, 862349, 1133018, 861272, 943169]"
1288,"[923746, 862349, 883404, 1081177, 981760]"
1289,"[925258, 1055155, 5569230, 1124729, 15926775]"
1290,"[981760, 6534178, 1082185, 1029743, 1106523]"
1291,"[6464208, 13008334, 1126808, 1044078, 12301100]"
1293,"[883404, 1111839, 999971, 944534, 844165]"
1294,"[1082185, 1126899, 961554, 10355637, 907014]"
1295,"[995242, 965864, 1053690, 1092026, 844165]"
1296,"[1005186, 951590, 914754, 889649, 995242]"
1297,"[1082185, 995785, 1103752, 6534178, 1070803]"
1298,"[15717057, 883404, 923746, 955043, 859010]"
1299,"[1016129, 857849, 5978648, 977344, 10285243]"
1300,"[1082185, 923746, 1070820, 965530, 976199]"
1303,"[1134483, 1029743, 976199, 906844, 961554]"
1304,"[1029743, 1106523, 15926725, 12782127, 1039672]"
1305,"[1069538, 1104349, 883404, 1106523, 983584]"
1306,"[1051323, 1134522, 951590, 1070015, 1014238]"
1307,"[1082185, 6534178, 981760, 1029743, 1106523]"
1310,"[916122, 917839, 837270, 936634, 9245106]"
1312,"[1058997, 956902, 1082185, 1092026, 1043494]"
1313,"[1029743, 1106523, 7160764, 6534178, 9522059]"
1314,"[6534178, 1102416, 996425, 976199, 920109]"
1316,"[1134522, 995242, 821565, 965766, 925626]"
1317,"[838602, 5568489, 1120741, 1029743, 1016298]"
1318,"[1134161, 919596, 1077490, 911812, 854852]"
1319,"[1082185, 1029743, 1106523, 1069506, 981760]"
1321,"[1082185, 9527350, 1029743, 1106523, 1107661]"
1325,"[903325, 15831389, 961554, 922895, 1098844]"
1326,"[6533765, 6534178, 1029743, 1081177, 5585510]"
1328,"[922561, 1132770, 898980, 1088835, 995785]"
1329,"[908531, 866211, 15831255, 986912, 1029743]"
1330,"[987562, 856252, 1136257, 998270, 829852]"
1331,"[1029743, 1106523, 845208, 1031316, 994685]"
1332,"[1082185, 866227, 997309, 1053690, 1062128]"
1333,"[1082185, 1126899, 908531, 888586, 15595979]"
1334,"[6534178, 883404, 844165, 1081177, 1080414]"
1335,"[878775, 835973, 981760, 846301, 9655244]"
1336,"[923746, 859075, 1096036, 911812, 883404]"
1337,"[1082185, 952317, 6534178, 908531, 15715907]"
1338,"[955043, 865330, 989985, 839849, 1092026]"
1340,"[916122, 10254377, 990251, 6534178, 981760]"
1342,"[6534178, 981760, 1082185, 1029743, 1106523]"
1343,"[1029743, 1106523, 981760, 6534178, 1082185]"
1344,"[1082185, 1056413, 1008288, 6534178, 1029743]"
1346,"[766619, 866211, 981760, 5574377, 5569309]"
1347,"[957232, 1107553, 10456405, 860776, 1120741]"
1350,"[883404, 1061220, 1051323, 965766, 849843]"
1351,"[923746, 6534178, 1029743, 981760, 860975]"
1352,"[6534178, 935200, 871722, 1049253, 915493]"
1353,"[5592931, 1057260, 1068719, 8090521, 8090537]"
1354,"[1005186, 1082185, 873085, 5978656, 15596709]"
1355,"[1005935, 1077555, 871756, 5978656, 1082185]"
1356,"[1070820, 903325, 1105917, 1029743, 981760]"
1357,"[866548, 1070820, 860975, 6552565, 983897]"
1358,"[1070820, 995242, 1092026, 883404, 8090521]"
1359,"[995242, 1038217, 981760, 1029743, 1106523]"
1360,"[1082185, 877798, 988208, 15483490, 13910384]"
1361,"[981760, 6534178, 1082185, 1029743, 1106523]"
1362,"[7169088, 7168026, 1018818, 933060, 1056492]"
1363,"[1082185, 5569230, 923746, 9836106, 979707]"
1364,"[1082185, 1005186, 12731544, 1116096, 1029743]"
1366,"[922561, 5566800, 1126899, 1101010, 1082185]"
1367,"[6534178, 862349, 1082185, 1126899, 979707]"
1368,"[1082185, 944137, 5567030, 951590, 916122]"
1369,"[1082185, 1119051, 866227, 1011926, 13071902]"
1370,"[1055646, 904813, 5563693, 919534, 1068957]"
1373,"[1087081, 9655676, 15452750, 9487914, 13777373]"
1374,"[1133018, 944534, 871611, 959900, 1004906]"
1375,"[1082185, 6034857, 962568, 981760, 1029743]"
1376,"[6534178, 6534166, 6533889, 824073, 1029743]"
1378,"[1082185, 9653535, 5587133, 8011397, 5587837]"
1379,"[1055646, 1082185, 993379, 995785, 873887]"
1380,"[1029743, 1106523, 881883, 15595850, 981760]"
1381,"[1029743, 1106523, 6534178, 981760, 1082185]"
1382,"[1029743, 1106523, 6534178, 988835, 8090508]"
1383,"[1121862, 1077975, 997506, 1017195, 860776]"
1384,"[1133018, 1004906, 923746, 849843, 844179]"
1385,"[1068719, 1029743, 1106523, 6534178, 860776]"
1387,"[960791, 9297062, 956902, 944534, 854133]"
1388,"[1022066, 1081189, 1114111, 873577, 5570383]"
1389,"[838637, 935126, 1082185, 15625746, 960976]"
1390,"[1126899, 1029743, 1106523, 849843, 999858]"
1391,"[6534178, 965772, 1133018, 878710, 1096036]"
1393,"[956672, 903325, 1082185, 1058997, 6919082]"
1394,"[1055646, 873887, 862349, 962229, 860776]"
1395,"[13672065, 951590, 880427, 1048462, 6533608]"
1397,"[1082185, 1005186, 1058997, 918046, 1106523]"
1398,"[1017887, 844179, 1097195, 1072523, 1136257]"
1399,"[995242, 5580801, 988275, 9673830, 10149686]"
1401,"[1044078, 6534178, 1105623, 844179, 876314]"
1402,"[998373, 12949872, 849843, 840361, 1133018]"
1403,"[5569230, 1052294, 1029743, 1106523, 1016274]"
1405,"[1082185, 1069506, 13672062, 1003188, 1029743]"
1406,"[1082185, 826666, 996087, 940700, 15596429]"
1408,"[13189861, 15452705, 1029743, 9858920, 1106523]"
1409,"[5978656, 1082185, 5569230, 942565, 1116050]"
1410,"[1082185, 1029743, 1106523, 1123014, 966479]"
1412,"[1082185, 12648967, 9487606, 1024319, 885290]"
1413,"[9396767, 1054383, 854056, 1029743, 1106523]"
1414,"[1029743, 1106523, 981760, 6534178, 1082185]"
1417,"[6533889, 835243, 10198378, 903230, 1068561]"
1418,"[1070820, 12673298, 926808, 1082185, 6979241]"
1419,"[1019637, 957232, 9245106, 1085604, 14077333]"
1421,"[1082185, 962229, 8090521, 1076875, 942045]"
1423,"[13008334, 1082185, 5981267, 986947, 12810391]"
1425,"[8090521, 8090537, 940947, 951590, 1096036]"
1426,"[1125123, 919534, 852864, 1082185, 861272]"
1427,"[1082185, 923746, 960791, 995242, 840361]"
1428,"[883404, 1029743, 984669, 6533889, 983584]"
1429,"[1129576, 1126899, 1029743, 1106523, 1013531]"
1430,"[6534178, 1082185, 1126899, 1093413, 9677202]"
1431,"[874112, 1013982, 1110572, 1082185, 998119]"
1434,"[1082185, 9651705, 1053690, 1075368, 1006188]"
1437,"[1085333, 6534178, 1082185, 924352, 995242]"
1440,"[5978656, 999971, 6534178, 13381584, 1029743]"
1443,"[906844, 1071976, 1057168, 958891, 889681]"
1445,"[6034857, 903325, 995242, 1068651, 951412]"
1447,"[853756, 870128, 900391, 1000672, 1113462]"
1450,"[6534178, 981760, 1070702, 1029743, 1000462]"
1451,"[1082185, 1070820, 5978648, 1011578, 1121393]"
1452,"[1013928, 837495, 995055, 981760, 849843]"
1453,"[1082185, 986912, 1005186, 995242, 6034857]"
1454,"[1082185, 1098248, 834484, 9837092, 6514160]"
1457,"[835243, 912681, 1029743, 1106523, 987724]"
1458,"[1070702, 961554, 873139, 844179, 962266]"
1459,"[948832, 9245106, 986293, 1082185, 995242]"
1461,"[6534178, 918733, 997479, 1082185, 962568]"
1462,"[1082185, 998549, 885290, 995242, 1028816]"
1463,"[873887, 822677, 10344971, 9707137, 13417058]"
1464,"[995242, 838487, 857554, 981760, 1110292]"
1465,"[921406, 1117541, 1122255, 1082185, 956672]"
1466,"[1029743, 1106523, 1024998, 12384365, 1003158]"
1467,"[1005186, 986912, 866227, 6534178, 1080414]"
1470,"[1082185, 1070820, 6534178, 995242, 1126899]"
1471,"[5978656, 1082185, 1126899, 1085604, 1029743]"
1473,"[948756, 938118, 903325, 901666, 1126899]"
1474,"[1110572, 1070015, 9487606, 1029743, 1106523]"
1475,"[903325, 6533889, 1070820, 1048727, 6534178]"
1476,"[823099, 1075170, 907099, 840227, 986021]"
1479,"[1082185, 995242, 977374, 6534178, 9420183]"
1480,"[6534178, 981760, 1082185, 1029743, 1106523]"
1481,"[995785, 844165, 861272, 995242, 1111839]"
1483,"[1058214, 928049, 6534178, 1126899, 822785]"
1484,"[1082185, 1058997, 845208, 961554, 968936]"
1485,"[1082185, 1029743, 6534178, 1106523, 1053383]"
1487,"[940947, 5569230, 851676, 914190, 9333437]"
1488,"[1082185, 1126899, 961554, 923746, 857503]"
1489,"[1029743, 5569230, 908531, 844165, 883404]"
1490,"[9297574, 9297062, 995242, 934639, 981760]"
1491,"[951590, 965766, 1082185, 928749, 834484]"
1492,"[995242, 901062, 962568, 988572, 1107289]"
1493,"[8090521, 1029743, 1106523, 998558, 13213203]"
1494,"[984715, 1123792, 995242, 998558, 883404]"
1495,"[969866, 953476, 1123792, 855468, 1022254]"
1499,"[14106445, 16053142, 963365, 1088147, 944486]"
1500,"[1133018, 1122358, 981760, 1059153, 871061]"
1501,"[1082185, 6534178, 1070820, 903325, 5566321]"
1502,"[13842089, 1013572, 1029743, 1106523, 1138189]"
1506,"[898980, 866140, 868075, 979707, 1123792]"
1507,"[849843, 13841744, 1029743, 1106523, 826249]"
1508,"[1082185, 1126899, 1122358, 909894, 1029743]"
1509,"[1082185, 15800888, 1139569, 15972565, 844697]"
1510,"[894236, 6533765, 1068651, 986912, 6534178]"
1511,"[862349, 995242, 5569230, 1029743, 1106523]"
1512,"[1082185, 6534178, 1029743, 1404121, 1106523]"
1513,"[1053690, 6534178, 1053763, 951526, 1029743]"
1514,"[1126899, 972357, 956672, 935968, 924352]"
1515,"[1029743, 1074449, 1106523, 1040674, 840890]"
1517,"[1070820, 1082185, 914754, 923746, 5591170]"
1518,"[1029743, 1106523, 981760, 6534178, 1082185]"
1519,"[995785, 942466, 1070820, 840361, 1096066]"
1520,"[883404, 6034857, 1103691, 999971, 1029743]"
1521,"[1082185, 919644, 1133018, 981760, 1053690]"
1523,"[1029743, 1106523, 981760, 6534178, 1082185]"
1524,"[6534178, 9912044, 1082185, 1126899, 840361]"
1525,"[1082185, 849843, 845208, 840361, 962568]"
1526,"[865330, 1020682, 1055646, 842698, 7166723]"
1527,"[1082185, 834484, 12428017, 951590, 6534178]"
1528,"[908531, 1029743, 983584, 1075368, 7441842]"
1529,"[6533765, 13189909, 6534178, 907647, 872245]"
1530,"[1082185, 1058997, 936830, 1029743, 1106523]"
1531,"[1082185, 1137688, 1048068, 1044895, 941145]"
1532,"[1029743, 1106523, 981760, 6534178, 1082185]"
1533,"[971474, 1029743, 1106523, 6534178, 981760]"
1534,"[1039156, 5978656, 1004762, 1070820, 923746]"
1535,"[944534, 1053763, 989075, 951526, 844179]"
1536,"[6534178, 899201, 908089, 15452677, 901776]"
1537,"[1029743, 6534178, 1106523, 835576, 981760]"
1539,"[6534178, 981760, 1082185, 1029743, 1106523]"
1540,"[8015407, 987480, 1001148, 7167218, 15926887]"
1541,"[1082185, 1071759, 1098248, 940947, 1029743]"
1542,"[821083, 942166, 1133018, 849843, 981760]"
1543,"[6534178, 995242, 16200757, 912860, 981760]"
1545,"[1091865, 1029743, 1106523, 901067, 1015694]"
1546,"[965766, 992986, 995242, 951590, 1070129]"
1547,"[894236, 1039156, 957891, 6534178, 1128828]"
1548,"[995242, 1082185, 1053690, 856252, 953476]"
1549,"[6534178, 849843, 9575582, 986912, 866227]"
1550,"[1082185, 1133018, 1033615, 857849, 999971]"
1552,"[997309, 1029743, 1106523, 1022003, 7433888]"
1553,"[981760, 1029743, 1106523, 6534178, 1082185]"
1555,"[1029743, 1106523, 6534178, 1075368, 991951]"
1556,"[948670, 842416, 995242, 980488, 916122]"
1557,"[1082185, 6534178, 12263788, 860776, 861272]"
1558,"[1030093, 1082185, 839438, 899543, 5588817]"
1559,"[1082185, 1075368, 1053690, 981760, 1029743]"
1560,"[823704, 916122, 1029743, 883404, 1130375]"
1563,"[1082185, 860776, 1070820, 981760, 1048257]"
1564,"[1082185, 6534178, 981760, 1029743, 1106523]"
1566,"[6534178, 943940, 1107080, 895502, 830568]"
1567,"[1082185, 937626, 1022254, 8015407, 825343]"
1568,"[1082185, 1133018, 883404, 1051323, 962568]"
1569,"[1029743, 1106523, 1062001, 6534178, 981760]"
1570,"[8181282, 13189968, 8290587, 860776, 979707]"
1571,"[10285144, 981760, 1062128, 10355978, 864805]"
1572,"[6534178, 1082185, 15926844, 981760, 1029743]"
1575,"[1082185, 862349, 939527, 947875, 981760]"
1576,"[1082185, 834484, 1029743, 1106523, 981760]"
1577,"[1006483, 6534178, 1029743, 877770, 1106523]"
1578,"[1012816, 995785, 1029743, 1075368, 6534178]"
1579,"[1082185, 1005186, 951590, 830740, 6534178]"
1580,"[9707137, 920308, 865330, 1132770, 952981]"
1581,"[1082185, 1066251, 912860, 981716, 1125391]"
1584,"[1134483, 1082185, 1028891, 902856, 10456575]"
1585,"[1082185, 5569471, 6534178, 912287, 856202]"
1587,"[6534178, 981760, 1029743, 1085604, 1106523]"
1588,"[923746, 1082185, 9547021, 6602697, 6034857]"
1590,"[1070820, 1028891, 6533608, 841309, 1123254]"
1591,"[1082185, 6534166, 995785, 1070820, 6533765]"
1592,"[1005186, 8358386, 1066893, 6979526, 1048727]"
1593,"[1082185, 962229, 861272, 981760, 1029743]"
1594,"[1133018, 5590613, 1029743, 1106523, 5590695]"
1595,"[1082185, 6534178, 1110042, 9242397, 971922]"
1596,"[1082185, 981760, 6534178, 1039589, 1108994]"
1598,"[873887, 951590, 1082185, 1092937, 1056509]"
1599,"[1133018, 999779, 1043590, 962568, 1002558]"
1600,"[960791, 948384, 845914, 856060, 1136755]"
1602,"[1070820, 1044259, 1082185, 1137688, 848319]"
1604,"[832678, 1051211, 9526563, 847344, 1022003]"
1607,"[1110843, 8090521, 8090536, 8090532, 8090550]"
1608,"[6534178, 1082185, 1026118, 968417, 845208]"
1609,"[1082185, 1070820, 951590, 6534166, 6533889]"
1611,"[981760, 1056847, 1029743, 1106523, 1037840]"
1612,"[1070820, 1082185, 6534178, 1005186, 9677202]"
1614,"[1082185, 1029743, 6773232, 1097280, 1106523]"
1618,"[1082185, 1005186, 862349, 1070820, 9420183]"
1619,"[1082185, 6534178, 841309, 970160, 5563693]"
1620,"[1068719, 9245106, 1106523, 5569792, 899624]"
1621,"[926905, 1065593, 1092026, 1106523, 845914]"
1622,"[1091901, 1031864, 1006342, 1082185, 6534178]"
1623,"[6533765, 6534166, 948832, 6534178, 1043590]"
1624,"[1082185, 986912, 5569230, 997309, 1026118]"
1627,"[1082185, 848071, 995785, 865330, 834484]"
1628,"[1029743, 1106523, 981760, 6534178, 1082185]"
1630,"[1135834, 1098284, 1107760, 865026, 1082185]"
1631,"[1120741, 866227, 844165, 1076875, 1029743]"
1632,"[1070820, 1065593, 6534178, 1062002, 1029743]"
1633,"[1082185, 1028891, 1093413, 855454, 1029743]"
1634,"[1070820, 1082185, 15596202, 1016129, 999971]"
1636,"[1082185, 1029743, 1106523, 981760, 6534178]"
1637,"[1132911, 1014948, 827999, 1053282, 981760]"
1638,"[1058997, 1098248, 981760, 5564236, 961991]"
1640,"[1029743, 13672066, 1106523, 6534178, 840361]"
1641,"[1029743, 1106523, 981760, 1076875, 854852]"
1642,"[1082185, 862349, 1070820, 995785, 845208]"
1643,"[1132770, 6534178, 868764, 1092026, 844165]"
1644,"[6534178, 1029743, 1106523, 981760, 1082185]"
1645,"[6534178, 1082185, 981760, 1029743, 1106523]"
1646,"[1029743, 1106523, 981760, 6534178, 1082185]"
1647,"[6534178, 981760, 1082185, 1029743, 1106523]"
1648,"[6534178, 9526100, 1082185, 1029743, 10285373]"
1649,"[1082185, 6391381, 981760, 987838, 932179]"
1650,"[903325, 13039088, 1013572, 962568, 1082185]"
1651,"[954642, 864143, 1035843, 13775274, 1057260]"
1652,"[1029743, 1106523, 981760, 6534178, 1082185]"
1653,"[1082185, 6534178, 894236, 834484, 1039156]"
1654,"[6534178, 1029743, 1106523, 981760, 1082185]"
1657,"[6534178, 1053690, 866227, 1029743, 1106523]"
1658,"[984715, 1039156, 995785, 885290, 10456575]"
1659,"[1082185, 866211, 961554, 909714, 824005]"
1660,"[955854, 827194, 1113588, 873654, 1029743]"
1662,"[1031864, 1126899, 1049735, 1082185, 880427]"
1663,"[6534178, 1051069, 839147, 918150, 9879410]"
1664,"[883404, 1120928, 1065593, 1070820, 911088]"
1665,"[981760, 1116578, 1029743, 1106523, 1045337]"
1666,"[962229, 1122358, 1048462, 893018, 1029743]"
1668,"[1029743, 1106523, 15972392, 1058152, 13986271]"
1669,"[821032, 1126899, 857503, 7443306, 891890]"
1672,"[955043, 920308, 984677, 870980, 962118]"
1673,"[6533765, 995785, 863762, 6534178, 1133018]"
1676,"[1082185, 848071, 1011926, 873887, 824005]"
1677,"[1082185, 885290, 960791, 901460, 5568489]"
1680,"[1082185, 923746, 6534178, 1053754, 981760]"
1683,"[1028621, 5574377, 911812, 893018, 9187298]"
1684,"[1082185, 857554, 1106523, 1029743, 1053690]"
1685,"[1082185, 1058997, 1029743, 1005274, 1106523]"
1686,"[909472, 883404, 1017325, 879755, 925626]"
1687,"[1055427, 962568, 1101706, 832678, 15715907]"
1688,"[1029743, 1106523, 981760, 6534178, 1082185]"
1689,"[866548, 1055168, 1000753, 1013259, 6534178]"
1690,"[863447, 13210025, 5569230, 832678, 6423993]"
1692,"[6534178, 1038217, 1115360, 914190, 1044655]"
1693,"[1082185, 1028816, 948832, 1126899, 900802]"
1694,"[6533765, 951590, 6534178, 835098, 8090521]"
1695,"[1082185, 12692328, 976998, 1076744, 1020729]"
1696,"[956672, 847982, 981760, 6979437, 920455]"
1697,"[1029743, 992622, 1016800, 1106523, 1041688]"
1698,"[879755, 1029743, 1106523, 1094308, 922907]"
1699,"[830203, 6534178, 981760, 1029743, 899203]"
1700,"[941856, 12301100, 5568378, 1058779, 8090509]"
1701,"[6534178, 1082185, 1053690, 1052325, 1081177]"
1703,"[5590613, 1057260, 1135868, 5591103, 5572738]"
1704,"[866227, 15629778, 1029743, 12384431, 8119157]"
1705,"[857849, 10457128, 1070015, 6602697, 6979427]"
1706,"[1029743, 1106523, 6534178, 981760, 1082185]"
1707,"[13842214, 831063, 9884484, 9884675, 995242]"
1708,"[1082185, 923746, 822407, 1029743, 1106523]"
1709,"[1029743, 7166861, 873203, 1106523, 852182]"
1710,"[995242, 1133018, 6534178, 1029743, 995785]"
1712,"[847344, 827671, 869943, 849843, 981760]"
1713,"[1060312, 903602, 923149, 893362, 851188]"
1715,"[969932, 820165, 847270, 951412, 1002178]"
1716,"[1082185, 7431990, 1085604, 10121984, 12525082]"
1717,"[1082185, 857283, 1029743, 899682, 1106523]"
1718,"[1070820, 1069039, 1029743, 1106523, 1014116]"
1719,"[1106523, 923746, 965766, 849843, 929668]"
1720,"[12263733, 9837065, 951590, 904813, 6514160]"
1721,"[835864, 1029743, 1106523, 909638, 1116385]"
1722,"[1055646, 996123, 1125943, 1126899, 1051516]"
1723,"[870559, 6396244, 876626, 1098844, 6979393]"
1724,"[1126899, 1106523, 1029743, 13213480, 829852]"
1726,"[948495, 1071446, 6391381, 5978656, 866211]"
1728,"[831536, 926905, 950550, 823775, 1111937]"
1729,"[1082185, 1029743, 1092303, 1106523, 962266]"
1730,"[6534178, 1029743, 1106523, 5591939, 981760]"
1731,"[12757140, 1029743, 1106523, 6534178, 858999]"
1732,"[1082185, 860975, 979239, 1029743, 976199]"
1733,"[13842088, 894439, 9419463, 6904613, 962410]"
1734,"[849098, 6534178, 981760, 1082185, 1029743]"
1735,"[995242, 1133018, 951590, 1082990, 824005]"
1737,"[5587133, 5584808, 856335, 5586942, 1040371]"
1738,"[819978, 922847, 1118033, 923746, 910032]"
1739,"[1111839, 1048462, 965766, 962229, 858302]"
1740,"[1082185, 6533889, 6534178, 847982, 1074333]"
1742,"[1019637, 908843, 1114653, 864335, 1017075]"
1743,"[8090509, 6979160, 1033089, 13987135, 1029743]"
1745,"[1029743, 1106523, 999971, 1038663, 981760]"
1747,"[7410290, 859075, 6534178, 9707137, 914190]"
1748,"[6534178, 1082185, 5590613, 5587656, 1135932]"
1749,"[862349, 6534178, 1042571, 1009719, 867469]"
1750,"[1082185, 909714, 916122, 981760, 1005274]"
1751,"[897125, 1070820, 825365, 1082990, 906830]"
1752,"[951590, 857849, 1065593, 861819, 1098066]"
1753,"[986912, 1085256, 879755, 839191, 1123792]"
1754,"[923746, 1139569, 843911, 1048462, 962229]"
1755,"[1082185, 901062, 909714, 1029743, 1106523]"
1756,"[1029743, 1106523, 1082185, 981760, 6534178]"
1758,"[1115553, 899624, 917482, 849843, 15926844]"
1759,"[1082185, 1126899, 883404, 908089, 896617]"
1760,"[1082185, 983584, 906838, 1029743, 1038985]"
1761,"[1082185, 1133018, 12263364, 7025204, 1007152]"
1762,"[1082185, 6534178, 1029743, 983584, 1124729]"
1763,"[1082185, 1041259, 1037840, 834396, 857902]"
1764,"[6534178, 1126899, 9527350, 1075796, 893651]"
1765,"[1082185, 1043494, 860776, 1070820, 889649]"
1766,"[6534178, 880714, 981760, 1029743, 1106523]"
1767,"[849870, 10455568, 13871141, 953539, 941741]"
1768,"[994928, 6391134, 899624, 981760, 1125904]"
1769,"[5563693, 1082185, 6602697, 1000205, 872137]"
1770,"[1082185, 960791, 979707, 951590, 981760]"
1773,"[1011300, 916122, 1056509, 6534178, 1077555]"
1774,"[1082185, 907647, 858553, 1045220, 965766]"
1775,"[1082185, 6534178, 1005186, 978343, 5569471]"
1776,"[1082185, 1068562, 849843, 1116821, 5592931]"
1778,"[9245106, 6534178, 12810393, 13115493, 1029743]"
1779,"[862349, 1070820, 867016, 1125391, 908531]"
1780,"[6534178, 1082185, 1065593, 1029743, 1106523]"
1781,"[1082185, 859856, 1028816, 862930, 995242]"
1783,"[995785, 1058997, 979707, 993592, 1051093]"
1784,"[1082185, 830503, 10121965, 6534035, 1029743]"
1785,"[1082185, 1043166, 1126899, 976199, 1029743]"
1787,"[1119051, 907128, 6979427, 1029743, 1106523]"
1788,"[917493, 1058997, 1092303, 989824, 957080]"
1789,"[1082185, 1029743, 1106523, 6534178, 981760]"
1790,"[989101, 1056651, 1082185, 13213567, 1004906]"
1791,"[1082185, 995242, 14106445, 12949757, 6534178]"
1792,"[7167218, 1089766, 898063, 908504, 1075368]"
1793,"[13210025, 849843, 909894, 866211, 911974]"
1794,"[862349, 1106523, 883404, 1127831, 937845]"
1795,"[1082185, 866227, 1070820, 17168855, 916487]"
1796,"[1029743, 838186, 1002787, 965766, 856772]"
1797,"[1082185, 862349, 824005, 6034857, 995242]"
1798,"[1082185, 866211, 826249, 12987976, 1029743]"
1800,"[1082185, 6534178, 908531, 906658, 1126899]"
1801,"[1053630, 1116635, 6534178, 875837, 854900]"
1802,"[885290, 987122, 6534178, 1101653, 884089]"
1803,"[939860, 5567950, 6979579, 1005637, 850944]"
1804,"[1082185, 879528, 1029743, 6534178, 838487]"
1805,"[1005186, 1063207, 926422, 6534178, 981760]"
1806,"[1126899, 1029743, 13382462, 893018, 1106523]"
1807,"[1058997, 1029743, 956274, 7025114, 1073150]"
1808,"[976199, 1053690, 1057260, 866227, 1097849]"
1809,"[1039156, 1082185, 995242, 909714, 6534178]"
1810,"[995785, 903529, 932631, 1123792, 864893]"
1811,"[1106523, 1029743, 1082185, 981760, 6534178]"
1812,"[1070015, 923208, 9575582, 1043590, 5590158]"
1814,"[43020, 1029743, 1106523, 8362614, 981760]"
1815,"[995785, 938118, 825541, 6534178, 895502]"
1816,"[1070820, 1092026, 13842088, 995242, 883404]"
1817,"[1082185, 993466, 1036106, 874563, 1116635]"
1818,"[1029743, 1106523, 1137025, 981760, 6534178]"
1821,"[1114605, 854852, 868147, 860776, 8090521]"
1822,"[1070015, 5592931, 1070702, 1029743, 1022254]"
1823,"[6534178, 1082185, 5978656, 1070820, 5978648]"
1824,"[962229, 862010, 1043787, 5563693, 6034857]"
1826,"[999971, 1029743, 824311, 1106523, 922907]"
1829,"[1082185, 995242, 914753, 1098844, 1135044]"
1831,"[1082185, 6534178, 995785, 1051323, 1058997]"
1832,"[1082185, 1081533, 8293703, 1061747, 826249]"
1833,"[1029743, 1034686, 1106523, 987724, 1110042]"
1835,"[1082185, 6534178, 7025106, 5565925, 1054539]"
1836,"[1082185, 860776, 1058997, 9296856, 1002771]"
1837,"[7409975, 15596572, 6534178, 965842, 854852]"
1838,"[849843, 899624, 1094619, 1041796, 932694]"
1839,"[5978656, 1133018, 914492, 1101932, 1108064]"
1841,"[1082185, 1055646, 5978648, 925350, 928961]"
1843,"[1082185, 870165, 1028816, 860975, 909894]"
1844,"[1082185, 860776, 10198402, 1037863, 921243]"
1845,"[1082185, 903325, 1041796, 1110244, 823775]"
1846,"[1082185, 1106523, 1029743, 839208, 6534178]"
1847,"[1131115, 1070820, 8019649, 10341401, 951590]"
1848,"[13842088, 894439, 951590, 1135834, 1077133]"
1849,"[1055646, 1005186, 1040416, 1074524, 6534077]"
1850,"[1082185, 6534178, 852235, 5978648, 862349]"
1853,"[981760, 1029743, 1106523, 9655679, 6534178]"
1854,"[1082185, 13510622, 5568394, 6534178, 995242]"
1856,"[866227, 986912, 1058554, 1011920, 5995692]"
1857,"[1004555, 1031316, 1092026, 1096036, 1029743]"
1858,"[1082185, 8119101, 929730, 995785, 961554]"
1861,"[1033615, 1088835, 1082185, 1029743, 15926886]"
1862,"[1082185, 1110409, 6534178, 1029743, 965996]"
1864,"[1082185, 903325, 834484, 995242, 1057260]"
1865,"[894236, 1039156, 1005186, 986912, 1082185]"
1867,"[1029743, 1106523, 981760, 6534178, 1082185]"
1868,"[981760, 1029743, 1106523, 6534178, 1082185]"
1869,"[940947, 1006474, 995965, 837579, 869943]"
1871,"[1082185, 2702827, 2844067, 981760, 6534178]"
1872,"[1082185, 13008334, 15452645, 1038217, 981760]"
1873,"[1082185, 834396, 9446069, 1029743, 1106523]"
1876,"[6534178, 1029743, 1106523, 981760, 1082185]"
1877,"[1122358, 909894, 964133, 15452534, 13008065]"
1879,"[1082185, 1121694, 951590, 922561, 1132771]"
1880,"[865330, 930385, 847789, 1029743, 10344971]"
1881,"[1082185, 6534178, 901062, 913210, 959638]"
1882,"[1029743, 1106523, 981760, 6534178, 1082185]"
1883,"[1058554, 850841, 5995692, 1108092, 916381]"
1884,"[1008814, 1029743, 1106523, 1079023, 981760]"
1885,"[6533889, 6534178, 1058997, 981760, 1082185]"
1886,"[1029743, 1106523, 981760, 6534178, 1082185]"
1887,"[908531, 1058997, 1060269, 1126899, 986947]"
1889,"[981760, 1029743, 1106523, 840227, 1082185]"
1890,"[1082185, 1041259, 1126899, 1003616, 1029743]"
1891,"[1082185, 962797, 931297, 998549, 981760]"
1892,"[863762, 6533765, 1094744, 6534178, 1080414]"
1895,"[1133018, 1129049, 1044078, 987562, 1029743]"
1896,"[1082185, 1060408, 883404, 13381458, 1037840]"
1898,"[1044507, 1046365, 969419, 912914, 1120009]"
1899,"[5568758, 951590, 997011, 887744, 13213209]"
1900,"[1082185, 9803810, 9831557, 940947, 1078652]"
1901,"[1013928, 1082185, 6534178, 951590, 913270]"
1903,"[868764, 1029743, 1106523, 10285017, 12263841]"
1904,"[16733707, 1029743, 1106523, 6534178, 981760]"
1906,"[824005, 871633, 1118264, 6979415, 1046756]"
1907,"[1082185, 966617, 1044275, 1121694, 1057260]"
1909,"[1008673, 1000753, 830615, 824311, 1139142]"
1911,"[6391532, 862349, 981760, 5590287, 5584007]"
1912,"[1029743, 12302069, 1106523, 9483753, 947059]"
1914,"[894439, 892573, 1077133, 1003257, 862010]"
1916,"[885290, 849843, 10180324, 1133018, 969866]"
1917,"[8354560, 988984, 920025, 975085, 5978656]"
1918,"[1082185, 6534178, 1126899, 8090440, 1106523]"
1919,"[6534178, 862139, 873964, 9571047, 1065593]"
1920,"[1082185, 862349, 1019643, 1079941, 981760]"
1922,"[1082185, 1091901, 920002, 13382402, 849843]"
1923,"[6534178, 1082185, 1098844, 992986, 12324948]"
1924,"[1054424, 965772, 12673433, 965530, 1067695]"
1925,"[1082185, 1029743, 1106523, 908846, 1029894]"
1926,"[923746, 914190, 6534178, 6463520, 997907]"
1927,"[951590, 863447, 1025611, 1106523, 5587656]"
1928,"[1070820, 843744, 1082185, 1085604, 983584]"
1929,"[1055646, 951590, 1024306, 870547, 913210]"
1930,"[1082185, 1029743, 1106523, 981760, 6534178]"
1931,"[1082185, 840361, 981760, 849843, 870195]"
1932,"[1082185, 5569230, 1029743, 1106523, 981760]"
1935,"[1048257, 1004555, 1126899, 999104, 15716098]"
1936,"[1082185, 1085604, 1029743, 6534178, 834103]"
1937,"[1070820, 1082185, 907128, 1093603, 1066518]"
1939,"[926905, 908531, 924967, 833025, 896085]"
1940,"[1082185, 860776, 1094924, 1026118, 908575]"
1941,"[1133018, 1089766, 865885, 1029743, 1106523]"
1942,"[969932, 883404, 5569230, 15830451, 981760]"
1943,"[5569471, 849843, 1029743, 7147142, 1095227]"
1944,"[1070820, 994223, 879734, 1082185, 1006342]"
1945,"[1082185, 1029743, 1106523, 987562, 1103513]"
1946,"[1082185, 12757544, 10344585, 1070820, 1037332]"
1947,"[1082185, 951590, 1040807, 901776, 919423]"
1948,"[824005, 1034499, 916993, 898011, 1058997]"
1949,"[908843, 1048833, 1133018, 950894, 6552318]"
1950,"[5978656, 962229, 847789, 1131321, 981760]"
1951,"[1105769, 1127831, 919126, 8276172, 8273833]"
1952,"[6534178, 1029743, 1106523, 981760, 1082185]"
1953,"[1082185, 1050851, 5585510, 972143, 991379]"
1954,"[1082185, 910745, 1041157, 1110793, 1081177]"
1955,"[1082185, 1063739, 989101, 1007414, 914754]"
1956,"[1126899, 951590, 1031864, 1093060, 869874]"
1957,"[1082185, 1055646, 962229, 9245108, 10121965]"
1958,"[981760, 6534178, 1082185, 1013703, 1029743]"
1959,"[2991358, 8116881, 3018382, 15797098, 2744095]"
1960,"[862349, 839656, 6534178, 844179, 1070820]"
1961,"[1031864, 1011300, 849843, 928123, 883404]"
1962,"[15741787, 1056509, 1094924, 6391381, 976199]"
1963,"[903325, 834484, 5569471, 995785, 875396]"
1964,"[1002771, 920455, 870428, 858924, 5580577]"
1965,"[866227, 1058997, 1082185, 9881593, 9881592]"
1966,"[1070820, 950271, 988277, 12692328, 1082185]"
1967,"[874966, 995785, 961554, 1029743, 1106523]"
1968,"[1082185, 14077333, 9707137, 10285243, 849843]"
1969,"[858999, 1081177, 1029743, 873964, 868075]"
1970,"[1072086, 1043920, 1134522, 820122, 1113588]"
1971,"[1082185, 10285243, 10284946, 1029743, 1106523]"
1975,"[951590, 1082185, 1108055, 995242, 5574377]"
1976,"[1082990, 1019637, 1106523, 1029743, 1123792]"
1978,"[1029743, 1106523, 826249, 981760, 1137775]"
1979,"[1082185, 1133018, 1029743, 1106523, 1004906]"
1981,"[5978656, 1082185, 1126899, 860776, 1122358]"
1982,"[1082185, 6533889, 1071759, 1058997, 6979803]"
1983,"[1038462, 856060, 866211, 961554, 1029743]"
1985,"[5569230, 1082185, 883404, 1104604, 901062]"
1987,"[1271704, 1029743, 1106523, 1204210, 7025922]"
1988,"[923746, 1014116, 1051323, 1106523, 6534166]"
1989,"[1082185, 900842, 978270, 995242, 916122]"
1990,"[1126899, 12263788, 1029743, 6534178, 1037332]"
1991,"[15777852, 6534178, 981760, 1077851, 1082185]"
1992,"[915605, 13381483, 1043064, 845262, 9187298]"
1993,"[1133018, 15926844, 7025362, 16729299, 862010]"
1994,"[1038217, 836703, 1029743, 1106523, 926307]"
1995,"[9832529, 995785, 9925966, 848879, 9832628]"
1996,"[1082185, 6534178, 968297, 981760, 15452631]"
1997,"[1082185, 981760, 837270, 1029743, 1106523]"
1998,"[1133018, 1053690, 1029743, 5592931, 827683]"
1999,"[1029743, 1106523, 6534178, 981760, 1082185]"
2000,"[1029743, 1106523, 954417, 6534178, 981760]"
2001,"[1082185, 1029743, 1106523, 981760, 6534178]"
2003,"[824915, 10344585, 1058997, 1082185, 867547]"
2004,"[6514160, 904813, 995242, 999104, 15596112]"
2005,"[951590, 878302, 951526, 971325, 1068719]"
2006,"[1082185, 5569471, 1070820, 916993, 5574377]"
2007,"[1082185, 995785, 883404, 1111292, 1092303]"
2008,"[5978656, 1126899, 936830, 995242, 9655629]"
2010,"[981760, 1029743, 1106523, 6534178, 1082185]"
2011,"[893501, 1006184, 916487, 6534178, 1065593]"
2012,"[6534178, 1132770, 868645, 920308, 844165]"
2014,"[1133018, 857849, 999971, 981760, 1029743]"
2015,"[1115163, 6464208, 903325, 940947, 1128344]"
2016,"[6534178, 981760, 1029743, 1106523, 1082185]"
2017,"[1082185, 1126899, 907014, 6534178, 983584]"
2018,"[1082185, 906839, 1015296, 13006964, 862363]"
2019,"[6534178, 1037840, 1038443, 1092026, 1085604]"
2020,"[1082185, 895540, 9575582, 951590, 919681]"
2021,"[951590, 1111839, 896862, 9835223, 915041]"
2022,"[1082185, 951590, 13073175, 1028816, 13944905]"
2023,"[7443278, 8090519, 1032752, 842499, 995895]"
2025,"[6534178, 1029743, 1106523, 981760, 1082185]"
2026,"[1082185, 981760, 6534178, 1029743, 1106523]"
2027,"[6534178, 1029743, 1068719, 956902, 1106523]"
2028,"[8090509, 5568378, 6534515, 1029743, 12781803]"
2029,"[1133018, 914754, 837579, 985911, 904236]"
2030,"[971922, 6533394, 1045220, 868075, 873902]"
2031,"[981760, 1029743, 1106523, 6534178, 1082185]"
2032,"[1029743, 1106523, 981760, 6534178, 1082185]"
2033,"[1082185, 981760, 892376, 890610, 1002771]"
2034,"[1082185, 995785, 903325, 1126899, 900802]"
2036,"[1126899, 1024306, 1060408, 1082185, 1136257]"
2037,"[1082185, 1070820, 944619, 1029743, 1106301]"
2038,"[849843, 844165, 916381, 981760, 1029743]"
2039,"[1082185, 6534178, 981760, 1029743, 1106523]"
2040,"[949030, 1029743, 1106523, 1132770, 5592931]"
2041,"[1111937, 1012913, 1020962, 1034176, 921406]"
2042,"[1029743, 1106523, 981760, 1082185, 6534178]"
2043,"[1106301, 1061220, 1053690, 998119, 849843]"
2046,"[1029743, 1106523, 6534178, 981760, 1082185]"
2047,"[1082185, 6534178, 914577, 981760, 933835]"
2048,"[6534178, 6391137, 1075368, 1106523, 1029743]"
2049,"[1029743, 1106523, 1058404, 1082185, 981760]"
2050,"[13775061, 835243, 824176, 857503, 951590]"
2055,"[1133018, 903233, 1054424, 851865, 1134810]"
2056,"[1029743, 962229, 840361, 1106523, 1106301]"
2057,"[925164, 15630096, 1090838, 896672, 1022072]"
2058,"[995965, 901776, 1011926, 860776, 12987976]"
2059,"[1126899, 1023958, 5569230, 1057260, 1061220]"
2060,"[986912, 6534178, 917760, 842783, 5568661]"
2062,"[831712, 6534178, 1082185, 9527257, 1126899]"
2063,"[923746, 1005186, 1082185, 866227, 862349]"
2064,"[940510, 894236, 1095275, 916993, 1006483]"
2065,"[1005186, 1110843, 933527, 965766, 995242]"
2068,"[1055646, 1070820, 1082185, 7025106, 1022003]"
2070,"[951590, 923746, 989101, 913210, 1080414]"
2071,"[1129322, 933835, 13213203, 15926887, 1044078]"
2072,"[1082185, 1029743, 1106523, 981760, 6534178]"
2075,"[949023, 1053763, 989075, 883404, 824555]"
2076,"[1082185, 6534178, 907099, 870780, 854852]"
2077,"[1082185, 6534178, 6533889, 6391381, 945805]"
2079,"[995785, 1082185, 908846, 1050649, 5569230]"
2080,"[1082185, 923967, 1016709, 833935, 962229]"
2081,"[1082185, 865330, 999971, 927191, 1033800]"
2082,"[923746, 995242, 1082185, 1137688, 1129671]"
2083,"[1005186, 1070820, 862349, 911614, 1126899]"
2084,"[1082185, 6534166, 6534178, 12692328, 1098248]"
2085,"[1055646, 1070820, 860776, 6034857, 923746]"
2086,"[1082185, 1107553, 868764, 879755, 834103]"
2087,"[916993, 1082185, 1037332, 5570383, 1085604]"
2088,"[1082185, 1029743, 1055646, 1106301, 1044078]"
2089,"[1126899, 1029743, 1106523, 6534178, 981760]"
2090,"[6534178, 9297615, 1032967, 1124729, 5567601]"
2091,"[1082185, 998119, 892844, 844179, 1029743]"
2094,"[1082185, 1070820, 834484, 845208, 1057260]"
2095,"[1005186, 986912, 7167218, 1068719, 5569135]"
2099,"[1029743, 1106523, 873627, 854852, 931532]"
2100,"[841309, 1082185, 938700, 15926886, 1134522]"
2101,"[849843, 928049, 983584, 1098066, 981760]"
2102,"[1082185, 995242, 1055646, 979707, 1135834]"
2103,"[981760, 1029743, 1106523, 6534178, 1082185]"
2105,"[1029743, 981760, 1106523, 6534178, 1082185]"
2108,"[923746, 1055646, 1082185, 6533936, 957232]"
2109,"[923746, 8065410, 1038217, 999270, 984715]"
2110,"[1082185, 8090615, 6034857, 8066803, 6391112]"
2111,"[1126899, 983584, 828143, 1029743, 1106523]"
2112,"[1055646, 1082185, 995785, 961554, 5978656]"
2114,"[1082185, 885290, 1005186, 901062, 12731683]"
2115,"[1070820, 6534178, 998549, 844179, 5569471]"
2116,"[1082185, 1039156, 923746, 964520, 960551]"
2119,"[961554, 5978656, 5978648, 12731432, 8292958]"
2120,"[486782, 511273, 13908951, 480014, 754498]"
2121,"[1082185, 862349, 1057260, 995242, 959022]"
2122,"[1106523, 1029743, 891141, 1113687, 1082185]"
2123,"[5569230, 10285454, 926905, 951009, 973916]"
2124,"[5978656, 1082185, 6602697, 5978648, 6534178]"
2125,"[1112824, 5581910, 6534178, 1082185, 997309]"
2126,"[1082185, 948495, 1126711, 854852, 943986]"
2129,"[1029743, 1133018, 859075, 1061220, 995785]"
2130,"[1055646, 1082185, 872137, 1101706, 1130877]"
2131,"[907014, 986912, 965766, 1086001, 857849]"
2132,"[985386, 866211, 1012284, 12729288, 841606]"
2133,"[1082185, 1126899, 1058997, 1068957, 911812]"
2134,"[1082185, 951590, 1051468, 15452534, 5978648]"
2135,"[1082185, 981760, 15830451, 870780, 836393]"
2136,"[1082185, 1029743, 1106523, 981760, 6534178]"
2137,"[1082185, 866227, 909894, 1044078, 1029743]"
2138,"[1122358, 12171407, 1029743, 972665, 1106523]"
2139,"[5978656, 1005186, 957374, 5978648, 1029743]"
2141,"[1082185, 914754, 1070820, 983753, 837579]"
2142,"[1082185, 7146026, 7151824, 1003487, 6633224]"
2145,"[1029743, 1106523, 857016, 1082185, 981760]"
2146,"[991592, 924967, 849870, 1029743, 15715907]"
2147,"[1082185, 1098248, 1041157, 901452, 1110793]"
2148,"[995785, 1082185, 896292, 1101010, 892144]"
2149,"[1082185, 923746, 1029743, 834484, 1106523]"
2151,"[995242, 923746, 981760, 1075470, 920799]"
2153,"[13841744, 1077490, 923746, 840361, 911812]"
2154,"[1082185, 883404, 1124729, 849843, 986947]"
2155,"[1020784, 849018, 7410019, 981760, 6534178]"
2156,"[995242, 1109516, 6534178, 1016276, 908531]"
2158,"[1055646, 15596202, 6534178, 5978648, 1082185]"
2159,"[1133018, 1051323, 849843, 6534178, 898510]"
2160,"[1070702, 12262978, 953539, 999971, 5978656]"
2161,"[1082185, 1000908, 1096317, 5568378, 951590]"
2162,"[1082185, 995242, 1052294, 6904459, 979674]"
2163,"[1047956, 859987, 956745, 1029743, 1106523]"
2167,"[1029743, 1106523, 1092948, 981760, 6534178]"
2168,"[1055646, 5568378, 1082185, 1096036, 1116253]"
2169,"[6534178, 1029743, 1106523, 1042697, 889188]"
2170,"[863762, 6534178, 1013928, 1118648, 7160764]"
2171,"[951590, 907099, 865486, 10121616, 927265]"
2172,"[860776, 849202, 919535, 1101744, 1012713]"
2173,"[895540, 951590, 908531, 1013999, 899624]"
2174,"[1029743, 1106523, 6534178, 981760, 1082185]"
2175,"[1029743, 1106523, 981760, 6534178, 1082185]"
2176,"[1029743, 8292899, 1106523, 859237, 6534178]"
2179,"[6534178, 1081189, 1070015, 1009187, 1124520]"
2181,"[5569471, 9187298, 1110111, 1009187, 914190]"
2182,"[1029743, 43020, 1106523, 57390, 9531136]"
2183,"[1082185, 5978656, 995965, 835243, 909268]"
2184,"[981874, 6534178, 1070015, 1029743, 1106523]"
2185,"[820923, 5566309, 1029743, 5569376, 879699]"
2186,"[1075368, 951590, 1082185, 1085604, 8090521]"
2188,"[1082185, 948119, 933835, 913210, 1029743]"
2189,"[1082185, 937626, 834117, 1029743, 13841744]"
2190,"[1039156, 995785, 6534178, 962229, 995242]"
2193,"[1055646, 889989, 1070820, 979707, 878775]"
2194,"[1055646, 885290, 1062128, 1016709, 1058997]"
2195,"[1126899, 995965, 1000237, 12171765, 1029743]"
2196,"[1082185, 849843, 995242, 901062, 1053690]"
2197,"[981760, 1029743, 1106523, 865456, 6534178]"
2198,"[863762, 1013928, 1033212, 1082185, 13842214]"
2199,"[1082185, 916993, 6534178, 9707078, 1070820]"
2200,"[995242, 921836, 6773232, 1082185, 13513326]"
2202,"[981760, 6534178, 1082185, 1029743, 1106523]"
2203,"[6534178, 979707, 913210, 1029743, 847270]"
2204,"[10457128, 1082185, 826249, 860776, 907647]"
2205,"[938849, 895540, 1082185, 1029743, 954077]"
2206,"[995242, 1029743, 1106523, 9420064, 941472]"
2207,"[986912, 6034857, 922127, 1043494, 9297062]"
2208,"[1082185, 981760, 1029743, 868423, 1106523]"
2209,"[6534166, 834484, 910071, 1029743, 885290]"
2211,"[1126899, 951102, 1082185, 1076889, 1029743]"
2212,"[6534178, 981760, 1082185, 1029743, 1106523]"
2213,"[1000237, 1045288, 903325, 981760, 1052912]"
2214,"[13987006, 13986925, 13986239, 930870, 1029743]"
2215,"[877798, 1133018, 1041259, 1082185, 1112205]"
2217,"[1082185, 862349, 847982, 840361, 1081944]"
2221,"[1082185, 1070820, 1120261, 1058997, 962568]"
2222,"[5569230, 847207, 1070782, 987724, 1065538]"
2223,"[1013928, 7151824, 910673, 1029743, 6423993]"
2224,"[1100273, 1082185, 1031476, 1112473, 1066251]"
2225,"[9912215, 862349, 873887, 1110111, 9483753]"
2226,"[5592826, 6773232, 1068562, 1127732, 1086763]"
2228,"[1082185, 1029743, 1106523, 981760, 6534178]"
2229,"[862349, 1082185, 880253, 1051093, 1053690]"
2231,"[1082185, 5978656, 5978648, 1080853, 13416351]"
2233,"[1082185, 979707, 1135768, 1058997, 1029968]"
2234,"[854754, 866227, 984315, 13876912, 1038174]"
2235,"[12427353, 976199, 1004906, 8119101, 867886]"
2237,"[1082185, 1058997, 1129049, 883404, 6533936]"
2238,"[995242, 919644, 971983, 849843, 1029743]"
2239,"[6534178, 1029743, 983584, 1106523, 981760]"
2240,"[1029743, 1106523, 826666, 1044188, 5568378]"
2241,"[923746, 1029743, 1106523, 914190, 849843]"
2243,"[1012816, 1074405, 994577, 834484, 849843]"
2244,"[951590, 1132770, 1124729, 883404, 5978656]"
2245,"[6533765, 1082185, 951102, 861272, 6534178]"
2247,"[1082185, 995785, 883404, 1029743, 1106523]"
2248,"[892376, 1029743, 1026346, 965766, 1106523]"
2250,"[934369, 1094308, 12731432, 871061, 8090521]"
2252,"[1082185, 908531, 1092026, 1029743, 1085604]"
2253,"[1065593, 1029743, 1106523, 947356, 981760]"
2256,"[6534178, 1072009, 981760, 1029743, 1106523]"
2257,"[1104349, 1106116, 1029743, 1106523, 8181177]"
2258,"[1126899, 13189944, 833940, 1137505, 1095040]"
2260,"[6534178, 5568758, 13842214, 15452677, 998621]"
2261,"[6534178, 1082185, 1037840, 883186, 1122358]"
2262,"[861272, 6773232, 1019247, 981760, 1006664]"
2263,"[1082185, 986912, 834236, 940700, 960791]"
2264,"[1082185, 1126899, 916122, 995965, 10457044]"
2266,"[6534178, 1075313, 834484, 1027208, 845715]"
2267,"[1005186, 1126899, 13512739, 824005, 834484]"
2269,"[951590, 1082185, 859075, 1055155, 1044078]"
2270,"[1005186, 1082185, 922561, 951590, 1110843]"
2271,"[986912, 993638, 1029743, 1106523, 6534178]"
2272,"[1082185, 6773016, 951590, 840227, 1045586]"
2273,"[1082185, 1098066, 16770147, 6772746, 867547]"
2274,"[857723, 6534178, 1009449, 1013928, 838859]"
2275,"[883404, 866140, 899624, 962229, 913785]"
2276,"[17240213, 908531, 849843, 1106523, 835285]"
2277,"[1029743, 1106523, 981760, 6534178, 1082185]"
2278,"[863447, 981760, 901062, 922127, 951412]"
2279,"[972185, 844165, 1053690, 868764, 849697]"
2280,"[1070820, 1082185, 5569230, 1082990, 6534077]"
2281,"[6514160, 13073175, 1082185, 1046756, 5569230]"
2282,"[1041259, 862349, 1070820, 870871, 908846]"
2283,"[1055646, 12649165, 15717057, 981760, 1029743]"
2284,"[1082185, 943169, 824005, 951412, 1046756]"
2285,"[15831370, 1000205, 12330794, 824005, 903325]"
2287,"[934369, 13008065, 889989, 1029743, 1106523]"
2288,"[826249, 915987, 1126899, 1029743, 10285141]"
2289,"[834484, 1082185, 1029743, 1137775, 1106523]"
2290,"[996891, 987480, 1029743, 1106523, 1085604]"
2291,"[12523928, 1111839, 1037772, 6534178, 1138189]"
2292,"[1097792, 1044472, 833025, 955043, 15926844]"
2293,"[1082185, 1070820, 1028816, 6391381, 1024306]"
2294,"[1082185, 865330, 5978656, 995242, 1009437]"
2295,"[6534178, 1029743, 1106523, 981760, 1082185]"
2296,"[931671, 856252, 1070015, 1029743, 913210]"
2297,"[1082185, 966148, 1009449, 1029743, 12731544]"
2298,"[1082185, 929768, 1029743, 12301100, 821741]"
2299,"[6602697, 981716, 1124674, 1107089, 1091858]"
2300,"[1082185, 995242, 10344585, 833169, 965766]"
2301,"[840601, 1057749, 13158064, 1029743, 932340]"
2302,"[1082185, 849843, 981760, 1029743, 1082947]"
2303,"[1082185, 860776, 1029743, 961554, 1033545]"
2305,"[1082185, 847982, 1029743, 983584, 5978648]"
2307,"[1005186, 1082185, 1099802, 6534178, 1070845]"
2308,"[1082185, 1029743, 1106523, 981760, 6534178]"
2310,"[1077975, 935126, 1056651, 1070015, 1111839]"
2312,"[1082185, 1005186, 834484, 6034857, 1070820]"
2314,"[1082185, 995785, 1093359, 1048257, 916993]"
2315,"[1082185, 981760, 6534178, 1029743, 1106523]"
2317,"[1082185, 1029743, 6534178, 819978, 916122]"
2319,"[1029743, 1106523, 981760, 6534178, 1082185]"
2322,"[1044259, 1082185, 903800, 1127831, 976293]"
2323,"[1082185, 981760, 1029743, 1106523, 6534178]"
2324,"[1082185, 1057260, 961554, 938118, 865907]"
2328,"[1082185, 1082990, 824005, 830070, 848319]"
2330,"[1082185, 1029743, 1106523, 6534178, 981760]"
2331,"[1082185, 856252, 923746, 840361, 913490]"
2333,"[981760, 1029743, 1106523, 909349, 6534178]"
2334,"[1135768, 951590, 1102416, 1065593, 13115493]"
2335,"[835243, 10457128, 843304, 899624, 1034267]"
2336,"[1055646, 833025, 1082185, 838487, 918368]"
2337,"[1082185, 1077133, 894439, 1067695, 937791]"
2338,"[6534178, 1029743, 1106523, 5591154, 1003600]"
2339,"[1029743, 1106523, 981760, 6534178, 1082185]"
2340,"[6534178, 9245462, 1082185, 859075, 871061]"
2341,"[865330, 1082185, 883404, 1081177, 837904]"
2342,"[6534178, 1055646, 995242, 903325, 866548]"
2343,"[6534178, 1133018, 5568228, 916122, 7409874]"
2344,"[1082185, 8090537, 981760, 976864, 1000753]"
2345,"[995242, 957232, 964968, 6534178, 981760]"
2347,"[6534178, 5569230, 5569471, 13511457, 8090521]"
2349,"[1082185, 1029743, 9420314, 5587837, 981760]"
2350,"[1029743, 1106523, 1082185, 981760, 6534178]"
2351,"[1112205, 1004906, 1116821, 1048727, 6534178]"
2352,"[8019385, 8019528, 1010130, 1098066, 826249]"
2354,"[913210, 981760, 860776, 999581, 8019649]"
2359,"[991951, 1029743, 1106523, 883404, 994928]"
2360,"[1082185, 903325, 995242, 824005, 869728]"
2361,"[1082185, 865511, 12731436, 1126899, 1057011]"
2363,"[840501, 981760, 1029743, 952254, 1106523]"
2364,"[1934187, 1890043, 1765104, 1874568, 1854750]"
2366,"[6534178, 873964, 995242, 857283, 1044078]"
2368,"[6534178, 1029743, 1106523, 1082185, 981760]"
2369,"[951590, 1082185, 1053690, 861272, 992986]"
2370,"[6534178, 1110409, 1070820, 1009449, 1098248]"
2372,"[927191, 851066, 995242, 10456543, 915869]"
2373,"[1029743, 1407216, 1106523, 981760, 6534178]"
2374,"[1082185, 1070820, 1048462, 1073150, 1127716]"
2375,"[923746, 899624, 989069, 1082185, 1133018]"
2376,"[6534178, 1082185, 13842160, 13008334, 10285149]"
2377,"[1055168, 6534178, 1028995, 989101, 13189726]"
2378,"[1082185, 828867, 883404, 860776, 833025]"
2379,"[1058997, 1101706, 860248, 1002558, 854405]"
2380,"[5978656, 6534178, 5571248, 1082185, 1115552]"
2381,"[826272, 849843, 5978656, 1082185, 1133018]"
2385,"[1069538, 883404, 1068719, 865456, 6514160]"
2386,"[1029743, 1106523, 6534178, 1123146, 936792]"
2387,"[7025196, 1090676, 877337, 844179, 1029743]"
2388,"[843304, 1106523, 890455, 1136988, 9802529]"
2389,"[1029743, 1106523, 6534178, 944852, 1136265]"
2392,"[1133018, 1004906, 1101173, 1043590, 977499]"
2393,"[847207, 1082185, 1057260, 907099, 903325]"
2394,"[15972790, 903567, 5569327, 967332, 9527184]"
2395,"[1082185, 9420312, 923746, 12301100, 1015375]"
2397,"[951590, 12263788, 861272, 865026, 962568]"
2399,"[1029743, 1106523, 981760, 6534178, 1082185]"
2400,"[6534166, 1132911, 1102959, 1082185, 8203451]"
2401,"[1082185, 12524174, 1133018, 909349, 1081177]"
2404,"[1082185, 1029743, 1106523, 1511324, 981760]"
2405,"[6533765, 6602697, 6534178, 1082185, 995242]"
2406,"[1082185, 1126899, 838487, 1006184, 6514160]"
2407,"[1039156, 1082185, 6533889, 1038443, 1134522]"
2408,"[908318, 938138, 962229, 914190, 1000753]"
2410,"[1065593, 951590, 822785, 13115666, 1029743]"
2412,"[1082185, 896938, 844165, 1092026, 9245462]"
2416,"[12808385, 12599756, 849697, 15737492, 840361]"
2418,"[1005186, 1072693, 995242, 9245108, 1082185]"
2420,"[944534, 999779, 835243, 959409, 1029743]"
2421,"[1082185, 979707, 10285243, 851468, 961554]"
2424,"[6034857, 916993, 828143, 1072693, 950550]"
2425,"[1082185, 1029743, 1106523, 6533889, 1017472]"
2426,"[1009449, 951221, 1058404, 900418, 1029743]"
2427,"[1082185, 6534178, 6463451, 1054539, 923169]"
2429,"[1082185, 833025, 6534178, 835243, 899624]"
2431,"[6534178, 1022254, 934639, 849843, 1107289]"
2434,"[835578, 1029743, 1106523, 903233, 981760]"
2435,"[1082185, 828489, 899624, 913210, 983584]"
2437,"[1070820, 901062, 7409618, 831063, 7409644]"
2438,"[13876341, 9527223, 964327, 1026712, 862651]"
2439,"[1082185, 1126899, 981760, 1022254, 1029743]"
2440,"[6533765, 6534178, 1070015, 1043590, 883404]"
2441,"[1082185, 908531, 1023958, 898121, 1029743]"
2442,"[15926886, 1126899, 849843, 1029743, 1106523]"
2445,"[991592, 5587133, 912112, 912817, 913278]"
2446,"[1044259, 1115175, 938118, 826249, 819112]"
2447,"[1082185, 7410348, 15596607, 832810, 878731]"
2448,"[5978648, 5978656, 1041259, 847982, 8160390]"
2449,"[834484, 1126899, 1058997, 824005, 1029743]"
2450,"[1082185, 872461, 860975, 1139058, 1076366]"
2451,"[903325, 1055168, 917033, 1076580, 14025252]"
2452,"[1082185, 949023, 1033615, 1111839, 844165]"
2453,"[1095275, 1070820, 5589247, 5585727, 5585735]"
2455,"[1029743, 1131321, 983795, 883404, 933835]"
2456,"[1082185, 1058997, 1133018, 1029743, 1106523]"
2457,"[1082185, 901062, 995242, 1065593, 1137775]"
2458,"[1029743, 1106523, 981760, 6534178, 1082185]"
2459,"[1082185, 1135468, 1031864, 5576075, 5580583]"
2460,"[5569230, 1110572, 1133018, 879504, 1101173]"
2461,"[1022254, 861272, 979707, 895070, 981760]"
2462,"[901062, 847982, 6034857, 5566321, 5978648]"
2464,"[1029743, 1106523, 5978656, 981760, 6534178]"
2465,"[986912, 856252, 10344585, 847982, 1096036]"
2466,"[824555, 845537, 951526, 900491, 1068719]"
2467,"[1082185, 1126899, 964385, 1002558, 1083446]"
2470,"[821083, 981760, 6534178, 1019643, 959076]"
2471,"[1082185, 1058997, 1095700, 1020682, 853643]"
2472,"[1082185, 981760, 1029743, 1106523, 1063577]"
2475,"[1055646, 1070820, 5569471, 859075, 918598]"
2477,"[1058997, 1082185, 995242, 1110142, 10285243]"
2478,"[1055646, 1082185, 979707, 823775, 1051211]"
2479,"[1082185, 916122, 914190, 859075, 883404]"
2481,"[1082185, 1056509, 6534178, 1126899, 883404]"
2482,"[1082185, 1029743, 1106523, 8019649, 1013321]"
2483,"[1082185, 948832, 5978656, 829802, 862349]"
2484,"[1039156, 1082185, 878715, 15452812, 976998]"
2485,"[1083446, 981760, 6534178, 995242, 12555363]"
2486,"[1082185, 929668, 1029743, 1132770, 15452812]"
2488,"[15452812, 907014, 972665, 929668, 826249]"
2489,"[1082185, 1048727, 1068719, 1088910, 9396767]"
2492,"[883404, 994928, 981760, 1065593, 986912]"
2494,"[1082185, 6534178, 981760, 837579, 1029743]"
2496,"[15452677, 15452396, 1056509, 15452531, 883404]"
2497,"[834484, 1070820, 838487, 1135834, 897125]"
2498,"[1070820, 1022066, 1053690, 6534178, 1029743]"
2499,"[1070820, 906262, 1029743, 1106523, 921744]"
2500,"[1082185, 1058997, 993617, 951703, 5566235]"
